user_id,gender,sexual_preferences,biography,fame_rating,latitude,longitude,location_name,birth_date,is_online,last_connection
1,male,homosexual,Ipsa voluptate quis eveniet dolorum placeat deserunt dicta accusantium.,15,46.1817,6.1281,Lancy,2001-03-20,FALSE,2025-08-25 19:40:49
2,male,heterosexual,Nostrum illo consequuntur a debitis minus nulla vitae.,96,46.2333,6.0667,Meyrin,1993-11-07,FALSE,2025-08-27 19:40:49
3,male,homosexual,Fugiat fuga reiciendis maiores fuga modi corporis ducimus necessitatibus asperiores amet magnam quisquam.,0,46.1817,6.1281,Lancy,1988-07-01,FALSE,2025-08-29 19:40:49
4,male,bisexual,Ullam doloribus aliquam quidem voluptate optio nesciunt.,78,46.4628,6.8431,Vevey,1996-08-27,FALSE,2025-08-24 19:40:49
5,male,homosexual,Fugit architecto unde suscipit culpa nihil voluptates incidunt recusandae illum voluptates vero.,59,46.948,7.4474,Berne,1986-09-26,FALSE,2025-08-20 19:40:49
6,male,homosexual,Expedita delectus quasi consequatur corporis in perspiciatis repudiandae ex a inventore laboriosam quae.,68,46.5104,6.6617,Pully,2006-01-10,FALSE,2025-08-11 19:40:49
7,male,homosexual,Molestiae molestiae fugit quas minima ut cumque.,58,46.45,6.8667,La Tour-de-Peilz,1995-06-20,FALSE,2025-08-08 19:40:49
8,male,heterosexual,Natus adipisci quos repudiandae similique in libero optio sequi in.,74,46.5113,6.4961,Morges,1985-12-20,FALSE,2025-08-07 19:40:49
9,male,homosexual,Officiis tempora esse sapiente quod vitae aliquam odio.,38,47.3769,8.5417,Zurich,1994-04-03,FALSE,2025-08-27 19:40:49
10,male,homosexual,Fuga eius impedit voluptatem debitis minus eaque mollitia molestiae nihil distinctio reprehenderit placeat.,0,46.2481,7.0111,Bex,2003-03-16,FALSE,2025-08-26 19:40:49
11,male,bisexual,Possimus eum a tempora officia dolor.,97,46.925,6.6333,Val-de-Travers,2003-05-02,FALSE,2025-08-19 19:40:49
12,male,bisexual,Iusto voluptates ipsam quasi optio labore animi beatae quos nisi.,26,46.1944,9.017,Bellinzone,2000-03-02,FALSE,2025-08-11 19:40:49
13,male,heterosexual,Ullam blanditiis voluptatem sit quam totam.,12,46.2172,7.0011,Saint-Maurice,1987-08-23,FALSE,2025-08-29 19:40:49
14,male,heterosexual,Est cumque consectetur illum dolorum ad soluta illo deserunt dolore.,36,46.6142,6.5072,Cossonay,1989-11-13,FALSE,2025-07-31 19:40:49
15,male,heterosexual,At fugiat eveniet rem animi facilis.,80,46.8222,6.5072,Sainte-Croix,2005-07-09,FALSE,2025-08-24 19:40:49
16,male,homosexual,At expedita veniam sunt nisi voluptas quaerat quibusdam perferendis sequi.,99,46.1036,7.0722,Martigny,1999-12-31,FALSE,2025-08-12 19:40:49
17,male,bisexual,Iure ullam provident molestias officia nostrum eligendi ullam exercitationem eum nam.,82,46.2172,7.0011,Saint-Maurice,1993-06-21,FALSE,2025-08-16 19:40:49
18,male,bisexual,Quo quae recusandae reiciendis amet saepe at sequi assumenda voluptatem.,70,46.4312,6.9107,Montreux,2000-08-29,FALSE,2025-08-07 19:40:49
19,male,bisexual,Libero eius corrupti ducimus beatae a.,31,46.6956,6.9181,Romont,1991-04-22,FALSE,2025-08-21 19:40:49
20,male,heterosexual,Dolorem occaecati nulla nisi nisi veritatis nihil aperiam minima occaecati.,94,46.8222,6.5072,Sainte-Croix,1994-09-05,FALSE,2025-08-19 19:40:49
21,male,homosexual,Blanditiis deleniti aliquam modi alias sequi atque beatae expedita.,16,46.5197,6.6323,Lausanne,2003-10-04,FALSE,2025-08-19 19:40:49
22,male,homosexual,Eveniet eveniet exercitationem modi iste numquam.,95,46.7242,6.5306,Orbe,1986-12-09,FALSE,2025-07-31 19:40:49
23,male,bisexual,Tenetur modi illum nihil veritatis facilis sed reiciendis quae.,54,47.5596,7.5886,Bâle,1989-01-03,FALSE,2025-08-28 19:40:49
24,male,heterosexual,Reprehenderit tenetur dolorum minus optio expedita ea suscipit.,40,46.2333,6.1167,Le Grand-Saconnex,1999-07-10,FALSE,2025-08-02 19:40:49
25,male,homosexual,Quas veritatis odio eaque quam maxime voluptas nemo officiis rerum fugit.,38,46.5197,6.6323,Lausanne,2002-10-05,FALSE,2025-08-16 19:40:49
26,male,homosexual,Ut tempora ullam deleniti ipsam provident exercitationem est distinctio.,13,46.5113,6.4961,Morges,1985-02-04,FALSE,2025-08-18 19:40:49
27,male,bisexual,Dolores vitae nam ea placeat natus.,52,46.3833,6.2333,Nyon,1995-02-02,FALSE,2025-08-20 19:40:49
28,male,heterosexual,Corrupti itaque vitae assumenda dicta mollitia a deleniti deserunt aliquam minima.,4,46.45,6.8667,La Tour-de-Peilz,2006-08-16,FALSE,2025-08-23 19:40:49
29,male,heterosexual,Laudantium perspiciatis nemo aliquam optio expedita quod qui ad dolores commodi.,25,46.1672,6.1172,Plan-les-Ouates,1984-11-18,FALSE,2025-08-14 19:40:49
30,male,heterosexual,Perferendis laboriosam iste deleniti ducimus laboriosam atque inventore.,91,46.5272,6.9,Châtel-Saint-Denis,2006-10-21,FALSE,2025-08-28 19:40:49
31,male,bisexual,Molestias voluptate error laboriosam magni eum quas ducimus.,41,46.2833,6.1667,Versoix,2004-08-21,FALSE,2025-08-21 19:40:49
32,male,homosexual,In ex cum ducimus delectus dolor nam deserunt atque provident eos veniam.,1,46.4312,6.9107,Montreux,1988-05-07,FALSE,2025-08-12 19:40:49
33,male,heterosexual,Corporis at omnis consequuntur corporis fugit ex voluptatem porro doloribus incidunt.,75,46.4628,6.8431,Vevey,2005-05-05,FALSE,2025-08-07 19:40:49
34,male,homosexual,Blanditiis possimus in officia nam aliquam cum.,78,46.948,7.4474,Berne,2004-05-08,FALSE,2025-08-13 19:40:49
35,male,heterosexual,Amet aperiam consectetur nihil veritatis nostrum.,16,46.217,6.084,Vernier,1986-10-07,FALSE,2025-08-05 19:40:49
36,male,bisexual,Voluptatibus atque nihil atque culpa deleniti soluta aperiam modi.,84,46.5367,6.6,Renens,1997-02-22,FALSE,2025-08-18 19:40:49
37,male,homosexual,Molestiae sint debitis dolorem doloremque rem voluptates.,11,46.1944,9.017,Bellinzone,2001-06-10,FALSE,2025-08-11 19:40:49
38,male,heterosexual,Fugit ipsum perspiciatis sit nisi nemo.,18,46.5104,6.6617,Pully,2004-04-07,FALSE,2025-08-08 19:40:49
39,male,homosexual,Aspernatur temporibus ipsam amet sapiente repellat deleniti repellendus.,13,46.45,6.8667,La Tour-de-Peilz,2007-05-02,FALSE,2025-08-16 19:40:49
40,male,bisexual,Quod possimus fugit cupiditate nesciunt facilis.,16,46.1817,6.1281,Lancy,1999-05-22,FALSE,2025-08-05 19:40:49
41,male,homosexual,Animi ex sit fuga tempore similique vero accusamus aut voluptate.,16,46.45,6.8667,La Tour-de-Peilz,2002-06-08,FALSE,2025-08-11 19:40:49
42,male,bisexual,Similique laborum cumque beatae neque rem animi doloribus velit.,47,46.45,6.8667,La Tour-de-Peilz,1995-03-05,FALSE,2025-08-20 19:40:49
43,male,bisexual,Autem perferendis in tempore ea consequuntur ipsam labore ad.,57,46.2274,7.359,Sion,1998-05-16,FALSE,2025-08-13 19:40:49
44,male,bisexual,Labore libero rerum occaecati sit neque.,82,46.2172,7.0011,Saint-Maurice,2003-01-12,FALSE,2025-08-11 19:40:49
45,male,bisexual,Dolor quia est aut neque nisi quasi architecto.,85,46.5367,6.6,Renens,1991-12-21,FALSE,2025-08-06 19:40:49
46,male,homosexual,Nemo deserunt sunt deleniti a molestias quis laborum eum rerum veniam quos sunt.,28,47.3769,8.5417,Zurich,1990-10-09,FALSE,2025-08-19 19:40:49
47,male,heterosexual,Quis iusto saepe animi omnis quod nisi necessitatibus eum rerum quisquam.,40,46.1833,6.1,Onex,1993-08-20,FALSE,2025-08-27 19:40:49
48,male,heterosexual,Iusto dolor ea deserunt praesentium nostrum vero vel.,49,46.5113,6.4961,Morges,2003-01-08,FALSE,2025-08-19 19:40:49
49,male,heterosexual,Ex nesciunt nulla nesciunt officiis quia aut inventore itaque tempore.,30,46.4628,6.8431,Vevey,1986-03-24,FALSE,2025-08-01 19:40:49
50,male,homosexual,Facere culpa consequatur voluptatem placeat iste esse magni quos illum enim.,1,46.925,6.6333,Val-de-Travers,1992-05-23,FALSE,2025-08-11 19:40:49
51,male,heterosexual,Et voluptates aliquam delectus culpa at repellat.,25,46.1944,9.017,Bellinzone,1995-02-10,FALSE,2025-08-11 19:40:49
52,male,homosexual,Soluta esse vitae inventore repellendus eum ipsa nemo veritatis recusandae dolor.,98,46.4956,6.3911,Aubonne,1997-05-17,FALSE,2025-08-22 19:40:49
53,male,heterosexual,Suscipit hic quis sed eius rerum.,1,46.5347,6.6022,Prilly,2004-05-20,FALSE,2025-08-11 19:40:49
54,male,homosexual,Enim corporis praesentium esse totam laboriosam ducimus perferendis voluptates blanditiis iure est incidunt quas.,40,46.2333,6.1167,Le Grand-Saconnex,1997-05-23,FALSE,2025-08-09 19:40:49
55,male,heterosexual,Culpa deserunt voluptatum laboriosam temporibus corrupti eaque beatae.,11,47.4167,7.0833,Porrentruy,1987-07-29,FALSE,2025-08-01 19:40:49
56,male,heterosexual,Fuga perspiciatis pariatur aut at ut est reprehenderit magnam doloribus quo ullam consequatur.,49,46.2172,7.0011,Saint-Maurice,2006-04-16,FALSE,2025-08-26 19:40:49
57,male,heterosexual,Nihil illum sed laboriosam vel tempore saepe quos.,19,47.3667,7.35,Delémont,2001-03-14,FALSE,2025-08-19 19:40:49
58,male,bisexual,Repellat ipsam adipisci autem nulla accusamus perspiciatis ea.,82,46.82,6.94,Payerne,2001-02-19,FALSE,2025-08-28 19:40:49
59,male,heterosexual,Ducimus aut excepturi provident quia a ipsa numquam dolorem aliquam quidem pariatur.,61,46.6142,6.5072,Cossonay,1997-11-18,FALSE,2025-08-15 19:40:49
60,male,bisexual,Dicta aliquid placeat quia eligendi non.,28,46.1833,6.1,Onex,1996-01-19,FALSE,2025-08-17 19:40:49
61,male,bisexual,Architecto ipsum molestias fugiat totam nemo qui tempore facilis.,60,46.3186,6.9647,Aigle,1999-01-01,FALSE,2025-08-22 19:40:49
62,male,homosexual,Assumenda aliquid aliquam laboriosam labore quae atque quaerat voluptas odio ratione hic doloremque.,51,46.3833,6.2333,Nyon,2001-02-13,FALSE,2025-08-05 19:40:49
63,male,heterosexual,Corporis dolor rem repellat consectetur magnam sunt eveniet a.,93,46.1944,9.017,Bellinzone,1992-10-05,FALSE,2025-08-25 19:40:49
64,male,homosexual,Recusandae alias ex iste hic distinctio.,45,46.3833,6.2333,Nyon,1988-05-02,FALSE,2025-08-19 19:40:49
65,male,homosexual,Nulla at aspernatur iusto debitis facilis nisi deserunt eos voluptatem ex vero.,77,46.2333,6.1167,Le Grand-Saconnex,1990-12-16,FALSE,2025-08-22 19:40:49
66,male,homosexual,Minus eaque beatae quos tempora repellat animi temporibus debitis placeat totam voluptatem voluptatum.,97,47.3769,8.5417,Zurich,2004-10-09,FALSE,2025-08-18 19:40:49
67,male,homosexual,Quibusdam totam atque odit illo maiores ex tempore enim.,97,46.2274,7.359,Sion,2005-04-01,FALSE,2025-08-25 19:40:49
68,male,heterosexual,Voluptatum esse provident nulla et in voluptatem.,18,46.4956,6.3911,Aubonne,2007-05-18,FALSE,2025-08-17 19:40:49
69,male,homosexual,Doloremque minus suscipit voluptate consequuntur iste in.,93,46.82,6.94,Payerne,1997-11-28,FALSE,2025-08-19 19:40:49
70,male,homosexual,Dolores suscipit fugiat molestias sit totam vitae voluptates at vero omnis vero temporibus.,10,46.925,6.6333,Val-de-Travers,2001-01-15,FALSE,2025-08-17 19:40:49
71,male,bisexual,Veniam architecto a ex aliquid consequuntur repellat repellat quasi iure provident.,44,46.5333,6.5667,Ecublens,2003-09-24,FALSE,2025-08-07 19:40:49
72,male,bisexual,Facilis amet corporis nulla sint eum.,35,46.82,6.94,Payerne,1996-02-05,FALSE,2025-08-20 19:40:49
73,male,bisexual,Animi doloremque debitis in eveniet alias quo commodi a asperiores quisquam consectetur.,30,46.1817,6.1281,Lancy,1991-12-02,FALSE,2025-08-20 19:40:49
74,male,heterosexual,Minus odit natus laboriosam tempora consequuntur soluta dolorum accusantium eveniet.,84,46.2481,7.0111,Bex,2005-12-23,FALSE,2025-08-06 19:40:49
75,male,homosexual,Voluptatum enim quas odio consequatur pariatur.,71,46.1833,6.1333,Carouge,1996-05-06,FALSE,2025-08-29 19:40:49
76,male,heterosexual,Expedita eum voluptates porro repudiandae dignissimos.,19,46.1944,9.017,Bellinzone,2000-11-15,FALSE,2025-08-14 19:40:49
77,male,heterosexual,Saepe aperiam ad sint non deserunt voluptate corporis possimus iste dolores soluta.,40,47.0569,6.7494,Le Locle,1994-11-15,FALSE,2025-08-01 19:40:49
78,male,heterosexual,Explicabo reiciendis adipisci quos provident mollitia eos et cum fugit quaerat earum.,56,46.3833,6.2333,Nyon,1986-09-13,FALSE,2025-08-01 19:40:49
79,male,heterosexual,Repellat labore dolorem fuga repudiandae molestias assumenda sit natus dolorem.,81,46.4206,6.2697,Gland,1988-04-02,FALSE,2025-08-29 19:40:49
80,male,heterosexual,Nisi dolorem assumenda quos placeat sint neque inventore placeat.,24,46.2044,6.1432,Genève,1985-11-24,FALSE,2025-08-15 19:40:49
81,male,heterosexual,Ipsum sapiente officia similique aperiam quaerat tenetur quidem.,17,46.2333,6.0667,Meyrin,2006-12-09,FALSE,2025-08-18 19:40:49
82,male,bisexual,Sequi repellat officia dolorem numquam iure maiores sint ullam.,97,46.4206,6.2697,Gland,1999-07-12,FALSE,2025-08-17 19:40:49
83,male,homosexual,Fugit a est enim possimus culpa.,28,46.6956,6.9181,Romont,2003-08-02,FALSE,2025-08-21 19:40:49
84,male,heterosexual,Facere fugit nulla asperiores qui soluta excepturi.,35,47.3667,7.35,Delémont,1990-12-18,FALSE,2025-08-04 19:40:49
85,male,heterosexual,Delectus nemo voluptatibus deleniti expedita aut nobis dolorem laborum adipisci ad.,45,46.4956,6.3911,Aubonne,2007-04-18,FALSE,2025-08-01 19:40:49
86,male,homosexual,Earum deleniti inventore enim ullam consectetur voluptatum.,47,46.4572,6.3397,Rolle,1986-03-06,FALSE,2025-08-21 19:40:49
87,male,homosexual,Perspiciatis nemo alias quidem earum excepturi molestias.,72,46.2919,7.5356,Sierre,2004-09-14,FALSE,2025-08-19 19:40:49
88,male,heterosexual,Maxime deserunt dolor excepturi doloribus magnam voluptatibus molestiae.,40,46.948,7.4474,Berne,1996-04-20,FALSE,2025-08-02 19:40:49
89,male,heterosexual,Reiciendis magnam quasi quibusdam deleniti cum minus odio.,39,46.4206,6.2697,Gland,1988-02-23,FALSE,2025-08-22 19:40:49
90,male,heterosexual,Quidem maxime doloremque voluptatem deserunt eveniet dicta ad eum aut labore corporis quam.,40,46.1817,6.1281,Lancy,1991-06-09,FALSE,2025-07-31 19:40:49
91,male,homosexual,Omnis voluptatibus nemo corporis velit nam commodi.,72,46.4628,6.8431,Vevey,2004-09-03,FALSE,2025-08-18 19:40:49
92,male,bisexual,Tempora animi aperiam nihil labore ex.,7,46.2333,6.0667,Meyrin,1988-01-09,FALSE,2025-08-01 19:40:49
93,male,bisexual,Quibusdam molestiae quos aperiam maiores molestias aspernatur temporibus neque autem porro.,82,46.2833,6.1667,Versoix,2000-03-20,FALSE,2025-07-31 19:40:49
94,male,heterosexual,Odio aliquid minus repellendus nemo accusamus dolorem itaque id cum voluptatum commodi.,95,46.9896,6.9293,Neuchâtel,1994-09-07,FALSE,2025-08-17 19:40:49
95,male,homosexual,Aut similique esse nam labore ipsam blanditiis mollitia sapiente debitis.,97,46.4956,6.3911,Aubonne,1993-08-13,FALSE,2025-08-10 19:40:49
96,male,heterosexual,Maxime neque ipsum quis nostrum quas quaerat nulla cupiditate quisquam natus et.,14,46.2547,6.9481,Monthey,2001-04-10,FALSE,2025-08-24 19:40:49
97,male,homosexual,Adipisci dolorum tempore sint perspiciatis unde asperiores cupiditate placeat quam similique omnis.,63,46.8492,6.8492,Estavayer-le-Lac,1999-12-01,FALSE,2025-08-12 19:40:49
98,male,bisexual,Eos numquam aliquid impedit minus id eos cumque saepe fugit ratione.,46,46.1833,6.1333,Carouge,1996-01-15,FALSE,2025-08-25 19:40:49
99,male,heterosexual,Amet odio minima neque porro esse libero at aliquam.,69,46.5113,6.4961,Morges,2003-05-20,FALSE,2025-08-22 19:40:49
100,male,bisexual,Quos facere harum ut sapiente inventore iusto quidem esse.,16,47.3667,7.35,Delémont,1993-10-26,FALSE,2025-08-25 19:40:49
101,male,bisexual,Ullam delectus debitis harum reiciendis voluptatum saepe voluptatibus.,96,47.0569,6.7494,Le Locle,1986-11-28,FALSE,2025-08-20 19:40:49
102,male,bisexual,Culpa quod iste dicta tempora non ratione id rem tempora accusantium accusantium.,35,46.2481,7.0111,Bex,1992-02-09,FALSE,2025-08-23 19:40:49
103,male,homosexual,Illo aliquid occaecati accusantium nesciunt deleniti optio molestiae error vitae omnis impedit mollitia.,27,46.2547,6.9481,Monthey,1998-06-04,FALSE,2025-08-03 19:40:49
104,male,homosexual,Laborum ducimus unde error consequatur illo commodi.,27,46.4956,6.3911,Aubonne,1993-10-26,FALSE,2025-08-12 19:40:49
105,male,heterosexual,Nesciunt consectetur dolores aspernatur inventore veritatis.,49,46.8065,7.161,Fribourg,1993-07-18,FALSE,2025-08-26 19:40:49
106,male,heterosexual,Quidem voluptates nesciunt cupiditate aspernatur eum iure.,10,46.17,8.7995,Locarno,2002-02-27,FALSE,2025-08-27 19:40:49
107,male,bisexual,Voluptas nihil blanditiis perferendis similique ullam aperiam dolorem dicta sunt officia facilis.,28,46.45,6.8667,La Tour-de-Peilz,1990-12-29,FALSE,2025-08-16 19:40:49
108,male,homosexual,Id veritatis quos cum eaque consequuntur nemo sed molestiae officia nihil saepe ipsam velit.,54,47.0569,6.7494,Le Locle,1999-07-15,FALSE,2025-08-09 19:40:49
109,male,heterosexual,Ratione qui quos fugit repudiandae nam dolorem sequi adipisci commodi.,61,46.2044,6.1432,Genève,2004-12-24,FALSE,2025-08-26 19:40:49
110,male,heterosexual,Qui quis vitae vero ducimus eius error officiis deserunt.,26,46.5333,6.5667,Ecublens,1984-09-15,FALSE,2025-08-26 19:40:49
111,male,bisexual,Excepturi officiis autem quos nisi quidem dicta eveniet perferendis vel mollitia aliquid voluptatibus.,92,46.3186,6.9647,Aigle,2003-02-19,FALSE,2025-07-30 19:40:49
112,male,heterosexual,Soluta temporibus veniam sed incidunt laudantium veritatis doloremque nemo.,60,46.5347,6.6022,Prilly,1991-06-16,FALSE,2025-08-19 19:40:49
113,male,heterosexual,Officiis repellendus deleniti temporibus veritatis ad atque iure tempora earum animi.,80,46.2172,7.0011,Saint-Maurice,1992-01-01,FALSE,2025-08-17 19:40:49
114,male,heterosexual,Ut inventore illum sit tempore sed ea nemo doloremque quae nulla.,17,46.8492,6.8492,Estavayer-le-Lac,2001-08-22,FALSE,2025-08-14 19:40:49
115,male,bisexual,Nisi repudiandae atque sed omnis est esse nam.,61,46.5367,6.6,Renens,1986-12-26,FALSE,2025-07-31 19:40:49
116,male,homosexual,Iure voluptatum optio eos similique ut.,73,47.3667,7.35,Delémont,1989-09-03,FALSE,2025-08-01 19:40:49
117,male,bisexual,Dolorum voluptas omnis asperiores magni voluptates ipsa omnis labore quibusdam.,51,46.82,6.94,Payerne,1987-01-01,FALSE,2025-08-18 19:40:49
118,male,homosexual,Earum est quia eligendi quos repudiandae harum esse accusantium placeat culpa ducimus omnis.,27,46.8492,6.8492,Estavayer-le-Lac,1998-09-28,FALSE,2025-08-23 19:40:49
119,male,homosexual,Quidem explicabo quasi magnam nulla veniam.,20,46.1833,6.1,Onex,2003-02-02,FALSE,2025-08-16 19:40:49
120,male,bisexual,Laborum sunt itaque expedita est impedit facere porro maxime.,68,46.4206,6.2697,Gland,1991-12-19,FALSE,2025-08-15 19:40:49
121,male,bisexual,Nostrum ipsum eligendi voluptatem et iusto quidem autem magni illo ipsam.,100,46.1833,6.1333,Carouge,1994-05-19,FALSE,2025-08-25 19:40:49
122,male,homosexual,Quam doloremque sapiente deleniti nisi illo magni ad nihil sunt unde qui quisquam.,49,46.5104,6.6617,Pully,2007-04-08,FALSE,2025-08-14 19:40:49
123,male,heterosexual,Provident architecto architecto accusantium dolorem dolorum alias.,5,46.2919,7.5356,Sierre,2001-05-15,FALSE,2025-08-15 19:40:49
124,male,heterosexual,Tempore repellat nesciunt magnam commodi eius.,51,46.6956,6.9181,Romont,1998-02-25,FALSE,2025-08-12 19:40:49
125,male,bisexual,Inventore blanditiis doloremque odio nobis nesciunt.,54,46.948,7.4474,Berne,1986-08-26,FALSE,2025-07-31 19:40:49
126,male,heterosexual,Nisi tempore animi laudantium voluptatem amet doloribus odit nemo quaerat facilis.,61,47.1047,6.8256,La Chaux-de-Fonds,2003-03-19,FALSE,2025-08-28 19:40:49
127,male,homosexual,Aperiam quae impedit dicta expedita autem veritatis iusto sunt nostrum.,37,46.4572,6.3397,Rolle,1988-12-10,FALSE,2025-08-06 19:40:49
128,male,heterosexual,Itaque consectetur nostrum natus quisquam ut nesciunt mollitia quasi debitis aperiam.,16,46.4628,6.8431,Vevey,2004-07-30,FALSE,2025-08-15 19:40:49
129,male,bisexual,Nulla in consequatur sunt soluta nobis sequi in aspernatur corrupti.,95,46.5272,6.9,Châtel-Saint-Denis,1995-05-10,FALSE,2025-08-08 19:40:49
130,male,homosexual,Veniam ea doloremque omnis quidem iusto quibusdam cumque provident aperiam quidem aliquam.,38,46.2481,7.0111,Bex,2006-03-16,FALSE,2025-08-12 19:40:49
131,male,bisexual,Accusantium dicta voluptatem pariatur sequi tempora incidunt consectetur.,38,46.8222,6.5072,Sainte-Croix,2003-01-08,FALSE,2025-08-29 19:40:49
132,male,heterosexual,Placeat amet deleniti optio illum eligendi minus eligendi modi.,21,46.17,8.7995,Locarno,1989-12-04,FALSE,2025-08-28 19:40:49
133,male,homosexual,Quia voluptatibus cumque repellendus suscipit aliquam voluptatum explicabo dignissimos modi iste.,81,47.0502,8.3093,Lucerne,2002-10-15,FALSE,2025-08-28 19:40:49
134,male,homosexual,Eligendi modi voluptatem ullam excepturi velit est maiores perferendis exercitationem nisi.,98,46.4206,6.2697,Gland,1994-06-14,FALSE,2025-08-12 19:40:49
135,male,bisexual,Inventore in repudiandae inventore iusto minima consequuntur saepe dignissimos ratione praesentium harum.,84,47.0569,6.7494,Le Locle,2000-11-12,FALSE,2025-08-02 19:40:49
136,male,homosexual,Rem consectetur quisquam vel temporibus harum.,94,46.948,7.4474,Berne,1996-07-19,FALSE,2025-08-10 19:40:49
137,male,bisexual,Tempore culpa quo libero rerum assumenda molestiae natus voluptatem voluptates aliquam blanditiis autem.,4,46.1672,6.1172,Plan-les-Ouates,2006-07-11,FALSE,2025-08-24 19:40:49
138,male,bisexual,Saepe qui at reiciendis velit assumenda vero repudiandae quas magni corrupti soluta.,100,46.17,8.7995,Locarno,1988-10-11,FALSE,2025-08-12 19:40:49
139,male,heterosexual,Earum molestias asperiores quos iusto ducimus sapiente non quidem sapiente optio.,15,46.5333,6.5667,Ecublens,2001-11-22,FALSE,2025-08-17 19:40:49
140,male,bisexual,Totam ducimus eos commodi eum dignissimos assumenda quisquam quis quasi esse.,82,46.5367,6.6,Renens,2001-11-20,FALSE,2025-08-03 19:40:49
141,male,bisexual,Autem laboriosam totam rem dignissimos accusantium reprehenderit iusto iure repellat unde modi nobis.,10,46.4206,6.2697,Gland,1994-12-17,FALSE,2025-08-01 19:40:49
142,male,heterosexual,Totam officia quis atque placeat id libero itaque tempore eaque.,69,46.9896,6.9293,Neuchâtel,1996-06-01,FALSE,2025-08-11 19:40:49
143,male,homosexual,Neque vero amet esse reiciendis dicta deleniti fuga temporibus.,70,46.6142,6.5072,Cossonay,1997-04-01,FALSE,2025-08-02 19:40:49
144,male,homosexual,Quaerat alias voluptas veniam ratione vel cupiditate.,29,46.925,6.6333,Val-de-Travers,1996-05-23,FALSE,2025-08-27 19:40:49
145,male,heterosexual,Minus enim veritatis quia iusto facere.,79,46.6142,6.5072,Cossonay,1996-11-05,FALSE,2025-08-19 19:40:49
146,male,bisexual,Nemo expedita illum excepturi libero reiciendis facere dignissimos eum reprehenderit.,83,46.8492,6.8492,Estavayer-le-Lac,2000-05-06,FALSE,2025-08-03 19:40:49
147,male,homosexual,Veniam vitae debitis exercitationem nesciunt voluptatum vitae et ad itaque laboriosam.,52,46.617,7.0571,Bulle,1991-03-14,FALSE,2025-08-20 19:40:49
148,male,homosexual,Debitis nobis omnis et repellat et modi cum doloribus.,67,46.4312,6.9107,Montreux,2006-10-03,FALSE,2025-08-17 19:40:49
149,male,homosexual,Quod dolore dolorum rerum quasi necessitatibus harum temporibus culpa ex laboriosam aperiam necessitatibus.,65,46.5333,6.5667,Ecublens,1986-10-22,FALSE,2025-08-17 19:40:49
150,male,bisexual,Asperiores sit ipsam vitae aliquam numquam assumenda delectus.,4,46.9896,6.9293,Neuchâtel,2001-07-25,FALSE,2025-08-11 19:40:49
151,male,heterosexual,Doloribus mollitia nihil dicta necessitatibus eaque.,63,46.5272,6.9,Châtel-Saint-Denis,1993-08-29,FALSE,2025-08-17 19:40:49
152,male,homosexual,Unde unde aperiam inventore at tenetur praesentium distinctio natus.,25,47.3769,8.5417,Zurich,2000-08-25,FALSE,2025-08-28 19:40:49
153,male,heterosexual,Ea quis quia sunt voluptate eligendi sit eligendi odit.,35,46.2274,7.359,Sion,2004-01-03,FALSE,2025-07-31 19:40:49
154,male,bisexual,Dolor quidem labore veritatis labore sit nobis.,93,46.5197,6.6323,Lausanne,2000-11-19,FALSE,2025-08-18 19:40:49
155,male,heterosexual,Non velit suscipit reiciendis vero ducimus similique possimus facilis at non.,74,46.4312,6.9107,Montreux,2007-02-26,FALSE,2025-08-07 19:40:49
156,male,heterosexual,Blanditiis facilis ut vero dicta totam iure incidunt sunt saepe praesentium esse.,52,46.55,6.5833,Crissier,1994-12-13,FALSE,2025-08-09 19:40:49
157,male,homosexual,Excepturi provident cumque sed doloremque asperiores beatae harum nihil ipsam.,84,46.5333,6.5667,Ecublens,1994-10-08,FALSE,2025-07-30 19:40:49
158,male,bisexual,Officia mollitia maxime occaecati corporis consequatur eligendi aut vero quasi.,99,46.82,6.94,Payerne,1989-02-16,FALSE,2025-08-10 19:40:49
159,male,homosexual,Nobis laudantium repudiandae distinctio commodi officia neque distinctio.,53,46.1944,9.017,Bellinzone,2007-03-08,FALSE,2025-08-28 19:40:49
160,male,heterosexual,Ex voluptate consequuntur accusantium accusantium delectus ea fugiat temporibus qui fuga error adipisci.,79,46.617,7.0571,Bulle,1993-05-03,FALSE,2025-08-15 19:40:49
161,male,homosexual,Sapiente voluptates commodi nesciunt cupiditate quis fuga voluptates repellendus.,65,46.2333,6.0667,Meyrin,2004-02-12,FALSE,2025-08-25 19:40:49
162,male,homosexual,Debitis commodi exercitationem ratione magnam veritatis.,6,46.6956,6.9181,Romont,1991-01-02,FALSE,2025-08-17 19:40:49
163,male,bisexual,Consequuntur ratione adipisci accusantium est deleniti cum.,51,46.2044,6.1432,Genève,1989-12-18,FALSE,2025-07-31 19:40:49
164,male,bisexual,Voluptatibus suscipit tenetur placeat molestiae incidunt esse cum animi.,97,47.4167,7.0833,Porrentruy,2005-04-29,FALSE,2025-08-19 19:40:49
165,male,heterosexual,Necessitatibus ducimus blanditiis consequuntur amet tempore fugiat a unde debitis eius.,40,46.45,6.8667,La Tour-de-Peilz,1997-10-08,FALSE,2025-08-17 19:40:49
166,male,homosexual,Iste recusandae dicta quaerat ut nulla.,88,46.3833,6.2333,Nyon,2005-10-12,FALSE,2025-08-26 19:40:49
167,male,bisexual,Illo provident ut perferendis blanditiis nostrum delectus impedit.,35,46.948,7.4474,Berne,2002-08-16,FALSE,2025-08-27 19:40:49
168,male,heterosexual,Qui ullam nihil assumenda natus ea tenetur qui.,6,46.2481,7.0111,Bex,1996-08-05,FALSE,2025-08-17 19:40:49
169,male,heterosexual,Dolorum ipsum unde dolor consectetur provident vitae vero.,6,46.1817,6.1281,Lancy,2006-10-03,FALSE,2025-07-31 19:40:49
170,male,homosexual,Ad odio cumque perspiciatis vel natus officia quisquam.,2,46.17,8.7995,Locarno,1989-03-11,FALSE,2025-08-03 19:40:49
171,male,bisexual,Libero cum ea praesentium voluptas expedita adipisci.,28,47.3769,8.5417,Zurich,1997-12-22,FALSE,2025-08-15 19:40:49
172,male,heterosexual,Corporis facilis nobis suscipit quo sit commodi voluptas architecto architecto odio laudantium.,76,46.2274,7.359,Sion,1987-05-29,FALSE,2025-08-22 19:40:49
173,male,bisexual,Veritatis architecto hic rem cum repudiandae atque.,20,46.5333,6.5667,Ecublens,1996-06-06,FALSE,2025-08-16 19:40:49
174,male,homosexual,Illum illum in fugit sit ipsa quod totam nostrum.,99,46.4572,6.3397,Rolle,2004-11-01,FALSE,2025-08-18 19:40:49
175,male,heterosexual,Amet et debitis qui illo libero.,87,46.17,8.7995,Locarno,1988-01-25,FALSE,2025-08-25 19:40:49
176,male,heterosexual,Repellendus sed magni ullam rem saepe saepe dignissimos.,46,46.17,8.7995,Locarno,1986-08-08,FALSE,2025-08-07 19:40:49
177,male,bisexual,Unde explicabo id aliquid omnis praesentium exercitationem.,77,46.2333,6.0667,Meyrin,1997-12-02,FALSE,2025-08-11 19:40:49
178,male,bisexual,Harum accusantium velit eveniet officia dolore alias ad eos eius quam temporibus perferendis.,90,46.2547,6.9481,Monthey,2000-08-05,FALSE,2025-08-19 19:40:49
179,male,heterosexual,Sapiente voluptate vitae labore doloribus dolore ad dignissimos tempore debitis.,37,46.3186,6.9647,Aigle,2004-12-28,FALSE,2025-08-11 19:40:49
180,male,homosexual,Laborum quis earum architecto sit reprehenderit aut ex.,39,46.217,6.084,Vernier,1996-09-05,FALSE,2025-08-25 19:40:49
181,male,homosexual,Suscipit repellat iusto cum vero ducimus dicta culpa in.,29,46.9896,6.9293,Neuchâtel,1992-09-28,FALSE,2025-08-21 19:40:49
182,male,bisexual,Doloremque dolorem facere ea odio commodi sed nesciunt consequatur.,7,46.1911,6.1942,Thônex,1990-09-18,FALSE,2025-08-03 19:40:49
183,male,heterosexual,Neque magnam nostrum voluptatum mollitia architecto totam.,32,46.4312,6.9107,Montreux,1984-10-03,FALSE,2025-08-27 19:40:49
184,male,homosexual,Iure similique rem vel optio quae repellat maxime vero molestias.,92,46.4628,6.8431,Vevey,1987-11-14,FALSE,2025-07-30 19:40:49
185,male,homosexual,Est consequatur voluptate magni unde commodi occaecati id quidem voluptates.,39,47.4167,7.0833,Porrentruy,1989-03-31,FALSE,2025-08-06 19:40:49
186,male,bisexual,Molestias error laborum sit nesciunt illum deleniti harum maxime mollitia excepturi nam possimus.,61,46.1833,6.1,Onex,1995-12-27,FALSE,2025-08-09 19:40:49
187,male,heterosexual,Dicta perferendis omnis officiis nesciunt id nostrum culpa voluptates exercitationem cupiditate ducimus.,95,46.5361,6.57,Chavannes-près-Renens,2006-08-18,FALSE,2025-08-25 19:40:49
188,male,homosexual,Debitis vero alias fuga ratione dolores alias minus et dolore veniam.,82,46.5272,6.9,Châtel-Saint-Denis,1987-08-20,FALSE,2025-08-09 19:40:49
189,male,bisexual,Ex quod cupiditate accusamus excepturi exercitationem magnam accusamus ullam dolorum blanditiis doloremque.,13,47.1047,6.8256,La Chaux-de-Fonds,1987-04-26,FALSE,2025-08-19 19:40:49
190,male,bisexual,Maxime labore tenetur quia ex earum reiciendis voluptate.,98,46.217,6.084,Vernier,2001-11-13,FALSE,2025-07-30 19:40:49
191,male,bisexual,Aperiam sunt corporis sint illum at commodi a deserunt iure.,35,46.8492,6.8492,Estavayer-le-Lac,2002-02-26,FALSE,2025-08-13 19:40:49
192,male,homosexual,Nemo vitae beatae iste molestiae eius est harum eius ipsum laboriosam explicabo fugiat.,54,46.8222,6.5072,Sainte-Croix,1991-10-06,FALSE,2025-08-16 19:40:49
193,male,homosexual,Rem enim vero veritatis voluptatem dolores eos id amet maiores minima.,15,47.3769,8.5417,Zurich,2005-08-11,FALSE,2025-08-15 19:40:49
194,male,heterosexual,Rem incidunt natus perspiciatis et deserunt dolores molestias culpa ab odio alias alias.,8,46.17,8.7995,Locarno,1991-06-02,FALSE,2025-08-15 19:40:49
195,male,homosexual,Porro soluta tempora necessitatibus facilis repellat sint repudiandae ipsam.,5,46.5333,6.5667,Ecublens,1989-04-12,FALSE,2025-08-16 19:40:49
196,male,bisexual,Quibusdam voluptates dolores perspiciatis soluta magni ex animi dolor ea iure perspiciatis id.,1,47.3769,8.5417,Zurich,2006-04-12,FALSE,2025-08-14 19:40:49
197,male,bisexual,Molestias libero corrupti voluptates iure omnis aspernatur harum est unde culpa eius.,15,46.2172,7.0011,Saint-Maurice,2002-07-11,FALSE,2025-08-20 19:40:49
198,male,homosexual,Eius aspernatur tenetur tempore quibusdam exercitationem quia.,67,46.55,6.5833,Crissier,2004-01-25,FALSE,2025-08-12 19:40:49
199,male,homosexual,Officia sunt sunt fugit non aliquam soluta dolore nihil voluptatem necessitatibus.,68,46.5347,6.6022,Prilly,1991-03-21,FALSE,2025-08-19 19:40:49
200,male,heterosexual,Doloremque consequatur maxime doloremque quia repellendus a possimus incidunt dicta quod voluptatem magni.,38,46.4956,6.3911,Aubonne,2006-03-07,FALSE,2025-08-20 19:40:49
201,male,heterosexual,Explicabo eius earum facere sed quia delectus occaecati provident.,85,46.2919,7.5356,Sierre,1993-01-14,FALSE,2025-08-14 19:40:49
202,male,heterosexual,Voluptas magnam reprehenderit harum corporis molestiae inventore.,1,46.217,6.084,Vernier,1995-03-08,FALSE,2025-08-05 19:40:49
203,male,heterosexual,Enim sint illum eligendi sapiente vel non.,66,46.3833,6.2333,Nyon,1989-05-24,FALSE,2025-08-06 19:40:49
204,male,bisexual,Nihil sapiente tenetur dolor aspernatur rerum eligendi dicta neque porro omnis.,65,46.2919,7.5356,Sierre,1998-08-04,FALSE,2025-07-30 19:40:49
205,male,bisexual,Molestiae sint rerum iusto nemo rem accusamus eos vel sed fugiat quo expedita.,37,46.1036,7.0722,Martigny,1989-09-22,FALSE,2025-08-08 19:40:49
206,male,homosexual,Sit laboriosam aspernatur natus natus numquam quidem qui aperiam eos.,32,46.4312,6.9107,Montreux,2007-05-27,FALSE,2025-08-02 19:40:49
207,male,homosexual,Porro maxime ut doloremque nihil assumenda iure culpa.,11,47.1047,6.8256,La Chaux-de-Fonds,1992-10-21,FALSE,2025-08-24 19:40:49
208,male,homosexual,Molestias excepturi quos quidem labore nesciunt doloribus soluta nulla quas aliquid.,32,46.2833,6.1667,Versoix,1990-06-06,FALSE,2025-08-25 19:40:49
209,male,bisexual,Earum eligendi incidunt sapiente veniam nulla autem.,3,46.2274,7.359,Sion,1985-12-27,FALSE,2025-08-08 19:40:49
210,male,homosexual,Molestiae quae delectus veniam laudantium at laudantium sint error iste quaerat.,74,46.9896,6.9293,Neuchâtel,2005-11-27,FALSE,2025-08-10 19:40:49
211,male,heterosexual,Labore ea totam dolorem assumenda libero in impedit possimus hic odit deserunt libero.,3,46.2333,6.1167,Le Grand-Saconnex,1996-09-01,FALSE,2025-08-24 19:40:49
212,male,homosexual,Quae placeat praesentium harum corporis harum cupiditate.,37,46.7242,6.5306,Orbe,1997-06-05,FALSE,2025-08-09 19:40:49
213,male,bisexual,Amet nobis explicabo delectus et possimus a deleniti quo.,66,46.7242,6.5306,Orbe,2003-12-12,FALSE,2025-08-08 19:40:49
214,male,heterosexual,Error sequi consectetur quidem soluta consequatur rerum hic totam vitae est nisi minima.,18,46.2274,7.359,Sion,2005-04-15,FALSE,2025-08-28 19:40:49
215,male,bisexual,Necessitatibus voluptas aliquam sit accusamus architecto beatae iusto accusantium culpa.,44,46.2274,7.359,Sion,1999-04-11,FALSE,2025-08-29 19:40:49
216,male,bisexual,Officia nulla autem similique nobis ut impedit ipsa quas.,57,46.2172,7.0011,Saint-Maurice,2006-03-06,FALSE,2025-08-18 19:40:49
217,male,bisexual,Nam impedit facere tempora adipisci voluptatem maiores aut sint eum.,14,46.17,8.7995,Locarno,1990-04-24,FALSE,2025-08-04 19:40:49
218,male,bisexual,Reiciendis inventore unde deleniti pariatur fugit et quia libero.,99,46.1911,6.1942,Thônex,1986-01-28,FALSE,2025-08-19 19:40:49
219,male,homosexual,Sequi ad excepturi omnis quaerat numquam adipisci fugiat modi aliquid.,33,46.1911,6.1942,Thônex,1992-10-28,FALSE,2025-08-23 19:40:49
220,male,bisexual,Reprehenderit animi aliquam iusto animi quo distinctio assumenda.,34,46.4628,6.8431,Vevey,2004-02-04,FALSE,2025-08-10 19:40:49
221,male,heterosexual,Exercitationem fugiat eveniet et sed ad dolore optio.,2,47.5596,7.5886,Bâle,1997-05-26,FALSE,2025-08-10 19:40:49
222,male,bisexual,Odio debitis dolor cumque odit praesentium ea maiores animi repellat natus vitae.,99,47.5596,7.5886,Bâle,2001-09-05,FALSE,2025-08-24 19:40:49
223,male,bisexual,Aut inventore harum adipisci voluptatum mollitia.,8,46.55,6.5833,Crissier,1998-11-28,FALSE,2025-08-20 19:40:49
224,male,heterosexual,Rerum rerum sequi occaecati delectus quos voluptatem exercitationem.,27,46.5113,6.4961,Morges,2003-12-12,FALSE,2025-08-02 19:40:49
225,male,heterosexual,Magnam molestias earum saepe earum sed pariatur error dolorem quis.,46,46.4206,6.2697,Gland,1990-03-13,FALSE,2025-08-10 19:40:49
226,male,heterosexual,Consequatur tempora quam tempora debitis animi delectus numquam reiciendis ipsum expedita doloribus.,90,46.6956,6.9181,Romont,2004-12-29,FALSE,2025-08-11 19:40:49
227,male,homosexual,Quo odio soluta odit sit inventore eaque numquam sed esse.,16,46.1833,6.1333,Carouge,2000-03-01,FALSE,2025-08-26 19:40:49
228,male,heterosexual,Sunt ratione perferendis voluptate veritatis velit hic architecto eius cum soluta ut qui optio.,31,46.9896,6.9293,Neuchâtel,1996-08-01,FALSE,2025-08-27 19:40:49
229,male,homosexual,Ipsum itaque beatae dicta ducimus placeat debitis ut reprehenderit.,40,46.9896,6.9293,Neuchâtel,2003-03-31,FALSE,2025-08-23 19:40:49
230,male,homosexual,Aperiam assumenda consectetur nesciunt nemo consectetur facilis excepturi.,28,46.4628,6.8431,Vevey,1998-02-24,FALSE,2025-08-19 19:40:49
231,male,bisexual,Quisquam esse aut molestiae asperiores magni ipsum autem tempore.,14,46.45,6.8667,La Tour-de-Peilz,1992-02-18,FALSE,2025-08-27 19:40:49
232,male,homosexual,Nesciunt culpa unde corrupti minima at veniam officia.,51,46.4206,6.2697,Gland,1999-06-02,FALSE,2025-08-10 19:40:49
233,male,homosexual,Temporibus incidunt adipisci quasi dolorem voluptatum libero maiores veritatis totam.,63,46.1672,6.1172,Plan-les-Ouates,1988-08-26,FALSE,2025-08-17 19:40:49
234,male,heterosexual,Cupiditate saepe quos saepe cum unde omnis.,62,46.5197,6.6323,Lausanne,1988-12-15,FALSE,2025-08-24 19:40:49
235,male,heterosexual,In deleniti maiores nam eaque ratione nulla illum esse quas.,17,46.2333,6.0667,Meyrin,2001-03-02,FALSE,2025-08-21 19:40:49
236,male,heterosexual,Sint eos consectetur soluta dolorum recusandae dolore labore mollitia.,6,46.5272,6.9,Châtel-Saint-Denis,2000-09-13,FALSE,2025-08-27 19:40:49
237,male,homosexual,Assumenda suscipit deleniti adipisci soluta aspernatur ratione molestias consequatur maxime ratione provident voluptas.,59,46.2481,7.0111,Bex,1997-01-28,FALSE,2025-08-21 19:40:49
238,male,heterosexual,Aliquam nostrum est earum et consequuntur ex quas architecto voluptates temporibus.,7,46.55,6.5833,Crissier,1987-04-17,FALSE,2025-08-18 19:40:49
239,male,bisexual,Odit libero est fugiat libero ex doloremque.,97,46.8492,6.8492,Estavayer-le-Lac,1990-01-14,FALSE,2025-08-06 19:40:49
240,male,homosexual,Expedita ex delectus eveniet odit impedit iure dolore debitis laborum fugit laborum.,90,47.0569,6.7494,Le Locle,2006-11-05,FALSE,2025-08-06 19:40:49
241,male,bisexual,Inventore alias dolore excepturi quisquam molestias nesciunt ducimus vitae incidunt impedit laudantium consequatur.,54,46.8222,6.5072,Sainte-Croix,2003-06-23,FALSE,2025-08-17 19:40:49
242,male,heterosexual,Dolor temporibus amet suscipit deserunt tempore ea illo enim.,100,46.6956,6.9181,Romont,1995-01-31,FALSE,2025-08-11 19:40:49
243,male,bisexual,Provident nihil ad consequatur itaque eius similique ex.,6,46.6956,6.9181,Romont,2003-12-09,FALSE,2025-08-25 19:40:49
244,male,bisexual,Sunt ex enim dolorum deleniti numquam.,64,46.2274,7.359,Sion,2000-10-24,FALSE,2025-08-19 19:40:49
245,male,heterosexual,Enim eaque praesentium cupiditate consectetur ipsam reiciendis sunt repudiandae nemo.,86,46.7242,6.5306,Orbe,2001-03-12,FALSE,2025-08-22 19:40:49
246,male,homosexual,Tempora cumque non perferendis aliquam perferendis similique voluptas consequuntur.,7,46.5272,6.9,Châtel-Saint-Denis,1998-03-02,FALSE,2025-08-26 19:40:49
247,male,heterosexual,Accusantium perspiciatis cupiditate dicta dolore aliquid labore dolor harum ipsa nam deleniti.,75,47.0502,8.3093,Lucerne,1991-09-20,FALSE,2025-07-31 19:40:49
248,male,bisexual,Maxime vel corporis minus accusamus voluptatem aperiam distinctio.,100,46.2172,7.0011,Saint-Maurice,2005-09-29,FALSE,2025-08-06 19:40:49
249,male,bisexual,Laudantium dicta earum eos aliquid quasi.,41,46.2172,7.0011,Saint-Maurice,1992-08-04,FALSE,2025-08-25 19:40:49
250,male,homosexual,Optio voluptates numquam quam eveniet commodi.,11,46.1944,9.017,Bellinzone,2003-12-01,FALSE,2025-08-08 19:40:49
251,female,bisexual,Aut omnis officiis suscipit laudantium reprehenderit reprehenderit.,52,47.3769,8.5417,Zurich,1989-09-24,FALSE,2025-08-27 19:40:49
252,female,heterosexual,Temporibus totam non optio debitis similique placeat architecto quasi nihil quae perferendis.,87,46.3833,6.2333,Nyon,2006-08-08,FALSE,2025-08-04 19:40:49
253,female,bisexual,Dolorem porro ad dolorem omnis quisquam voluptas perspiciatis voluptas voluptas libero provident repellat.,35,46.5113,6.4961,Morges,1999-08-17,FALSE,2025-08-03 19:40:49
254,female,heterosexual,Rerum architecto ea earum sint excepturi.,85,46.6956,6.9181,Romont,2002-02-14,FALSE,2025-08-08 19:40:49
255,female,homosexual,Natus culpa in fuga earum dignissimos consequatur doloribus tempore.,6,46.2172,7.0011,Saint-Maurice,1985-04-01,FALSE,2025-08-11 19:40:49
256,female,heterosexual,Animi nobis labore error modi veritatis dolor quisquam nobis consequuntur maiores vel eum.,62,47.3769,8.5417,Zurich,1986-03-24,FALSE,2025-08-28 19:40:49
257,female,bisexual,Culpa quibusdam molestiae tempora numquam dolorem deserunt recusandae voluptatem laudantium ratione.,25,46.5197,6.6323,Lausanne,1994-06-21,FALSE,2025-08-03 19:40:49
258,female,homosexual,Repellendus magni totam sunt dolores laudantium minima ea neque.,11,46.5361,6.57,Chavannes-près-Renens,1997-05-05,FALSE,2025-08-02 19:40:49
259,female,homosexual,Eveniet dolor repellat deleniti ipsa magni sapiente odit sunt.,46,46.7785,6.6412,Yverdon-les-Bains,2001-01-12,FALSE,2025-08-10 19:40:49
260,female,heterosexual,Adipisci delectus quis natus ullam mollitia earum quia qui doloribus.,56,46.2833,6.1667,Versoix,1997-03-12,FALSE,2025-08-22 19:40:49
261,female,homosexual,Atque illo ipsum similique harum vel architecto reiciendis nisi modi.,16,46.1944,9.017,Bellinzone,1993-02-17,FALSE,2025-08-04 19:40:49
262,female,homosexual,Incidunt quos aperiam similique magnam facilis dolore itaque debitis officia veniam quaerat.,6,46.4312,6.9107,Montreux,1993-01-20,FALSE,2025-08-08 19:40:49
263,female,homosexual,Deserunt aliquid corporis enim hic illo quas culpa adipisci maiores.,33,46.5361,6.57,Chavannes-près-Renens,2002-08-12,FALSE,2025-08-16 19:40:49
264,female,homosexual,Asperiores dicta non quia magnam ducimus praesentium ad quisquam repellat aut inventore necessitatibus.,25,46.2274,7.359,Sion,1996-01-17,FALSE,2025-08-16 19:40:49
265,female,bisexual,Voluptatum ab quasi eius officia pariatur suscipit impedit perspiciatis.,34,46.4206,6.2697,Gland,1995-05-18,FALSE,2025-08-27 19:40:49
266,female,homosexual,Alias atque illum error aliquam incidunt quidem consequuntur harum praesentium repudiandae perferendis.,51,46.1944,9.017,Bellinzone,1988-11-29,FALSE,2025-08-26 19:40:49
267,female,bisexual,Minus accusantium molestiae voluptates tempora similique non possimus veritatis.,49,46.9896,6.9293,Neuchâtel,1992-08-02,FALSE,2025-08-09 19:40:49
268,female,bisexual,Consectetur voluptatibus similique porro eligendi dolorum unde veniam labore beatae.,100,46.5333,6.5667,Ecublens,1993-01-13,FALSE,2025-07-30 19:40:49
269,female,bisexual,Explicabo nesciunt veniam nostrum incidunt qui ex reiciendis.,41,46.2333,6.0667,Meyrin,2000-09-21,FALSE,2025-08-08 19:40:49
270,female,bisexual,Error tenetur maxime commodi reprehenderit temporibus.,3,46.8222,6.5072,Sainte-Croix,1989-05-13,FALSE,2025-08-20 19:40:49
271,female,bisexual,Quisquam aperiam labore consequatur labore magni nobis eligendi provident culpa ipsum illo.,88,46.6142,6.5072,Cossonay,1990-03-28,FALSE,2025-08-27 19:40:49
272,female,heterosexual,Eaque dolore debitis aut delectus odio ab cupiditate dolorem.,89,46.217,6.084,Vernier,1995-05-30,FALSE,2025-08-27 19:40:49
273,female,homosexual,At eveniet officia reiciendis provident earum error commodi et maiores ducimus voluptate.,97,46.5113,6.4961,Morges,1990-10-04,FALSE,2025-08-03 19:40:49
274,female,bisexual,Id exercitationem dolorem dolores delectus aspernatur commodi voluptatem alias deleniti labore.,97,46.1833,6.1333,Carouge,1995-12-19,FALSE,2025-08-02 19:40:49
275,female,homosexual,Suscipit beatae consectetur cumque quos blanditiis ab.,48,46.1036,7.0722,Martigny,2005-03-09,FALSE,2025-08-26 19:40:49
276,female,homosexual,Adipisci quaerat tenetur nam reprehenderit corporis labore asperiores architecto beatae tenetur.,34,46.1833,6.1333,Carouge,2001-01-18,FALSE,2025-07-30 19:40:49
277,female,homosexual,Atque eos voluptatum hic natus quos.,41,47.3667,7.35,Delémont,1996-11-06,FALSE,2025-08-23 19:40:49
278,female,homosexual,Deleniti doloremque dignissimos doloribus commodi excepturi ad minima temporibus eius temporibus quidem laboriosam blanditiis.,69,46.1672,6.1172,Plan-les-Ouates,1997-03-24,FALSE,2025-08-21 19:40:49
279,female,bisexual,Laudantium architecto aliquid omnis perferendis voluptatum debitis animi odit officiis.,41,46.2833,6.1667,Versoix,1987-10-20,FALSE,2025-08-29 19:40:49
280,female,bisexual,In distinctio temporibus magnam repellendus velit nam.,79,46.6956,6.9181,Romont,1992-04-29,FALSE,2025-08-15 19:40:49
281,female,bisexual,Vitae distinctio dignissimos inventore fugiat libero reiciendis possimus doloremque sed mollitia a reiciendis.,51,46.6142,6.5072,Cossonay,1992-04-08,FALSE,2025-08-14 19:40:49
282,female,bisexual,Debitis similique officiis optio alias aut iure molestias vel non quisquam cum.,25,46.1944,9.017,Bellinzone,2003-06-25,FALSE,2025-08-17 19:40:49
283,female,homosexual,Eaque ipsam vel ut magni architecto vitae quo excepturi.,9,46.1944,9.017,Bellinzone,1990-05-05,FALSE,2025-08-24 19:40:49
284,female,bisexual,Nesciunt vitae nam maxime nesciunt similique repudiandae debitis dolore ea consequuntur.,36,46.2833,6.1667,Versoix,1993-05-02,FALSE,2025-08-04 19:40:49
285,female,heterosexual,Aliquam officia aliquam voluptatem commodi iusto odio.,48,46.8222,6.5072,Sainte-Croix,1989-06-22,FALSE,2025-08-06 19:40:49
286,female,bisexual,Id porro numquam culpa consectetur blanditiis dolores tempora.,45,46.948,7.4474,Berne,2007-04-19,FALSE,2025-08-14 19:40:49
287,female,heterosexual,Temporibus inventore perspiciatis eos occaecati voluptatibus omnis vitae.,47,46.7242,6.5306,Orbe,1999-05-21,FALSE,2025-08-28 19:40:49
288,female,bisexual,Aut voluptas ipsa possimus veritatis repudiandae.,64,46.8065,7.161,Fribourg,1988-12-30,FALSE,2025-08-01 19:40:49
289,female,heterosexual,Eaque ea incidunt rerum architecto dolorem quia similique eveniet omnis earum sint aspernatur.,77,46.8492,6.8492,Estavayer-le-Lac,2002-09-21,FALSE,2025-08-01 19:40:49
290,female,bisexual,Eligendi commodi aliquam architecto est cupiditate aliquam.,39,46.45,6.8667,La Tour-de-Peilz,1992-06-05,FALSE,2025-08-24 19:40:49
291,female,heterosexual,Numquam dignissimos debitis quidem nihil tenetur voluptatem vitae.,48,46.45,6.8667,La Tour-de-Peilz,1985-04-12,FALSE,2025-08-04 19:40:49
292,female,bisexual,Nihil omnis mollitia iste similique ipsam.,84,46.217,6.084,Vernier,1998-05-13,FALSE,2025-08-16 19:40:49
293,female,homosexual,Doloremque dicta quos fugit quam libero.,24,46.1944,9.017,Bellinzone,2000-11-20,FALSE,2025-08-14 19:40:49
294,female,homosexual,Nobis sit natus necessitatibus natus nesciunt earum nam excepturi.,79,46.5272,6.9,Châtel-Saint-Denis,1993-10-06,FALSE,2025-08-23 19:40:49
295,female,bisexual,Excepturi iste reprehenderit facere voluptatem explicabo pariatur reprehenderit expedita excepturi quaerat asperiores nemo.,62,46.4628,6.8431,Vevey,2007-07-20,FALSE,2025-08-14 19:40:49
296,female,heterosexual,Perferendis at ipsam aperiam perferendis nam similique assumenda sit.,24,46.6142,6.5072,Cossonay,1991-11-27,FALSE,2025-08-09 19:40:49
297,female,homosexual,Quasi aut praesentium laboriosam ad voluptatem dolorem voluptate accusantium fugiat beatae itaque.,23,46.5367,6.6,Renens,2003-01-10,FALSE,2025-08-28 19:40:49
298,female,heterosexual,Voluptatem molestiae deleniti impedit aliquam necessitatibus fugit eaque accusantium corrupti repellat quisquam reiciendis.,31,46.2547,6.9481,Monthey,1993-12-07,FALSE,2025-08-24 19:40:49
299,female,bisexual,Repellat quos magnam sit quia officia.,7,46.5333,6.5667,Ecublens,1991-02-08,FALSE,2025-08-26 19:40:49
300,female,bisexual,Deserunt repellendus nemo quidem ipsa veniam nesciunt modi vel fugit dolores nemo.,45,46.82,6.94,Payerne,1989-06-05,FALSE,2025-08-22 19:40:49
301,female,heterosexual,Illum suscipit ipsam sed voluptates nisi aspernatur accusamus eos suscipit.,15,46.8492,6.8492,Estavayer-le-Lac,1997-05-26,FALSE,2025-08-16 19:40:49
302,female,homosexual,Fuga eos sed atque quae veniam.,23,46.1944,9.017,Bellinzone,1986-09-27,FALSE,2025-08-07 19:40:49
303,female,heterosexual,Praesentium voluptates praesentium dolor dignissimos quam dolore sint at ut et voluptas.,43,46.82,6.94,Payerne,1991-05-15,FALSE,2025-08-21 19:40:49
304,female,homosexual,Repudiandae sit dolorum provident magni blanditiis reprehenderit aliquid esse explicabo.,18,46.55,6.5833,Crissier,1988-10-02,FALSE,2025-08-19 19:40:49
305,female,bisexual,Quo mollitia explicabo deleniti corporis aperiam temporibus vel aspernatur nesciunt.,83,46.5197,6.6323,Lausanne,2001-03-24,FALSE,2025-08-20 19:40:49
306,female,homosexual,Suscipit recusandae voluptatibus occaecati ratione vero quidem laudantium.,46,46.5361,6.57,Chavannes-près-Renens,1999-03-11,FALSE,2025-08-10 19:40:49
307,female,heterosexual,Unde nisi neque provident doloribus ex expedita.,77,46.9896,6.9293,Neuchâtel,1985-07-23,FALSE,2025-08-04 19:40:49
308,female,homosexual,Quam est assumenda ratione incidunt quaerat quod.,78,46.2547,6.9481,Monthey,1988-12-05,FALSE,2025-08-28 19:40:49
309,female,heterosexual,Corporis ea quibusdam incidunt unde cumque id temporibus asperiores harum architecto odio.,99,46.1833,6.1333,Carouge,2006-07-17,FALSE,2025-08-10 19:40:49
310,female,homosexual,Cumque voluptates porro dignissimos alias nemo explicabo quod dolorem beatae aut deserunt ex.,17,46.45,6.8667,La Tour-de-Peilz,2006-09-29,FALSE,2025-08-20 19:40:49
311,female,homosexual,Porro repudiandae aspernatur autem occaecati labore.,93,46.17,8.7995,Locarno,2005-05-21,FALSE,2025-08-02 19:40:49
312,female,bisexual,Adipisci illum numquam earum earum quas asperiores minima omnis est minima.,97,46.17,8.7995,Locarno,1997-04-20,FALSE,2025-07-31 19:40:49
313,female,bisexual,Consequuntur a quibusdam praesentium dignissimos voluptatum occaecati voluptatum.,43,46.2919,7.5356,Sierre,1995-01-30,FALSE,2025-08-07 19:40:49
314,female,heterosexual,Earum necessitatibus dolore fugit autem at dolor repudiandae dignissimos.,57,46.1817,6.1281,Lancy,2003-04-05,FALSE,2025-07-31 19:40:49
315,female,bisexual,Similique eos sed iure delectus sapiente harum totam.,55,46.1911,6.1942,Thônex,1990-03-04,FALSE,2025-08-29 19:40:49
316,female,bisexual,Dolorum iste molestiae possimus eligendi possimus.,68,46.5347,6.6022,Prilly,1993-04-19,FALSE,2025-08-29 19:40:49
317,female,heterosexual,Ipsam possimus minima ab inventore eaque eveniet.,54,46.4956,6.3911,Aubonne,1990-12-25,FALSE,2025-08-16 19:40:49
318,female,homosexual,Aut nobis dolorem quam quidem quae.,60,46.4206,6.2697,Gland,1988-03-27,FALSE,2025-08-29 19:40:49
319,female,heterosexual,Sint voluptates eaque similique occaecati error doloribus quia exercitationem.,54,46.4312,6.9107,Montreux,1993-01-22,FALSE,2025-08-29 19:40:49
320,female,heterosexual,Porro ipsam corporis molestiae tempore minus nam optio facilis repellendus quibusdam suscipit minima.,62,47.0569,6.7494,Le Locle,2006-11-05,FALSE,2025-08-17 19:40:49
321,female,homosexual,Rem laborum quam atque consequuntur adipisci dolores sequi iusto illum quisquam minus.,77,46.2481,7.0111,Bex,2005-05-10,FALSE,2025-08-14 19:40:49
322,female,homosexual,Laboriosam eveniet esse mollitia repellat ullam quia pariatur.,44,46.9896,6.9293,Neuchâtel,2006-04-17,FALSE,2025-08-18 19:40:49
323,female,homosexual,Laudantium reprehenderit sed suscipit quidem quos veritatis impedit.,29,46.4628,6.8431,Vevey,1998-05-03,FALSE,2025-08-08 19:40:49
324,female,heterosexual,Totam debitis sit quas veritatis eos.,23,46.2044,6.1432,Genève,1992-12-14,FALSE,2025-08-18 19:40:49
325,female,bisexual,Totam ipsa debitis quasi dolor a facilis ducimus iusto iure facilis.,84,46.4628,6.8431,Vevey,1991-02-01,FALSE,2025-08-08 19:40:49
326,female,bisexual,Nobis repudiandae inventore necessitatibus porro delectus nisi earum ab quas earum possimus quod.,95,46.7785,6.6412,Yverdon-les-Bains,1990-06-27,FALSE,2025-08-28 19:40:49
327,female,heterosexual,Ab deserunt unde non necessitatibus natus architecto nisi laborum inventore officiis adipisci.,28,46.4206,6.2697,Gland,2004-09-08,FALSE,2025-08-17 19:40:49
328,female,heterosexual,Delectus officia veniam quod alias id eum nisi unde a officia.,83,46.4956,6.3911,Aubonne,1989-03-03,FALSE,2025-08-24 19:40:49
329,female,homosexual,A vero natus impedit nobis neque nihil eum odit quaerat.,60,46.9896,6.9293,Neuchâtel,1987-12-14,FALSE,2025-08-22 19:40:49
330,female,homosexual,Quia dignissimos rem vitae quidem nesciunt nam animi neque at distinctio debitis nulla.,71,46.3833,6.2333,Nyon,2005-08-18,FALSE,2025-08-16 19:40:49
331,female,bisexual,Earum quo at itaque aspernatur accusamus reiciendis cumque tempora fuga corporis.,14,46.7242,6.5306,Orbe,2001-09-01,FALSE,2025-08-01 19:40:49
332,female,bisexual,Architecto laudantium eius laborum odio culpa.,75,46.7242,6.5306,Orbe,2005-10-14,FALSE,2025-08-02 19:40:49
333,female,homosexual,Est natus odio ratione voluptate possimus deleniti pariatur totam dolorum incidunt voluptates.,75,46.1817,6.1281,Lancy,2004-09-06,FALSE,2025-08-09 19:40:49
334,female,homosexual,Neque maiores vel sed fugiat accusamus.,76,46.6142,6.5072,Cossonay,2005-05-05,FALSE,2025-08-25 19:40:49
335,female,heterosexual,Consequuntur eum alias dolor vel perspiciatis tempore velit maiores amet consectetur.,9,46.2547,6.9481,Monthey,1999-12-10,FALSE,2025-08-26 19:40:49
336,female,homosexual,Unde nulla laudantium at dignissimos autem blanditiis impedit quo quis natus libero at.,85,46.2547,6.9481,Monthey,1998-02-17,FALSE,2025-08-09 19:40:49
337,female,homosexual,Excepturi minima est provident placeat officiis quibusdam mollitia.,7,46.4956,6.3911,Aubonne,1996-03-01,FALSE,2025-08-20 19:40:49
338,female,homosexual,Molestias laboriosam reprehenderit ab sunt eum quo harum porro nulla praesentium ex nostrum.,75,46.4628,6.8431,Vevey,1996-06-15,FALSE,2025-08-10 19:40:49
339,female,homosexual,Iusto inventore omnis impedit adipisci magni quos libero.,71,46.8222,6.5072,Sainte-Croix,2005-09-09,FALSE,2025-08-04 19:40:49
340,female,homosexual,Consectetur saepe odio porro suscipit recusandae.,55,46.8492,6.8492,Estavayer-le-Lac,1991-04-23,FALSE,2025-08-22 19:40:49
341,female,heterosexual,Odio est facilis quidem corporis repudiandae quae nihil quos.,92,46.5272,6.9,Châtel-Saint-Denis,2004-07-21,FALSE,2025-08-07 19:40:49
342,female,bisexual,Laborum itaque cumque sapiente impedit animi error.,38,46.17,8.7995,Locarno,2000-09-03,FALSE,2025-08-01 19:40:49
343,female,homosexual,Magni ducimus reiciendis magni assumenda molestiae sunt reprehenderit quam vel officia fuga cupiditate.,55,46.4206,6.2697,Gland,2005-06-17,FALSE,2025-08-20 19:40:49
344,female,homosexual,Perspiciatis odio repellat consequatur eius repudiandae veritatis modi consequuntur nostrum nihil molestiae quam.,56,46.3833,6.2333,Nyon,1991-12-21,FALSE,2025-08-24 19:40:49
345,female,homosexual,Dicta pariatur quisquam quia nisi rem excepturi nihil tempore saepe.,63,46.7785,6.6412,Yverdon-les-Bains,1991-01-24,FALSE,2025-08-18 19:40:49
346,female,bisexual,Nulla sed saepe dicta saepe modi minus est corrupti non repellendus assumenda ea.,45,46.7242,6.5306,Orbe,1998-11-28,FALSE,2025-08-07 19:40:49
347,female,heterosexual,Earum praesentium tenetur dicta tempora ullam soluta repellendus eos nisi placeat.,64,46.3186,6.9647,Aigle,2001-08-28,FALSE,2025-08-13 19:40:49
348,female,homosexual,Eveniet iste enim praesentium asperiores velit cupiditate aliquam magnam eaque consequuntur.,19,46.2274,7.359,Sion,2001-04-28,FALSE,2025-08-24 19:40:49
349,female,heterosexual,Quaerat doloribus eos iusto ratione culpa in fugiat enim.,43,46.2172,7.0011,Saint-Maurice,1984-09-19,FALSE,2025-08-13 19:40:49
350,female,heterosexual,Repellat aliquam sunt perspiciatis magnam laudantium exercitationem tempore nisi ad quo optio.,87,46.4956,6.3911,Aubonne,2005-08-16,FALSE,2025-08-04 19:40:49
351,female,bisexual,Aspernatur mollitia sunt voluptatibus ullam possimus.,9,46.2333,6.1167,Le Grand-Saconnex,2003-09-21,FALSE,2025-07-31 19:40:49
352,female,heterosexual,Tempore ipsum voluptates quisquam perspiciatis itaque alias tempora enim architecto quaerat.,5,47.0569,6.7494,Le Locle,1986-02-03,FALSE,2025-08-23 19:40:49
353,female,heterosexual,Fugiat qui minus ipsam atque illum sed.,73,47.1047,6.8256,La Chaux-de-Fonds,1997-04-25,FALSE,2025-08-28 19:40:49
354,female,heterosexual,Corporis ullam corrupti autem praesentium ea incidunt ad ad commodi.,49,47.3667,7.35,Delémont,1992-12-12,FALSE,2025-08-19 19:40:49
355,female,heterosexual,Blanditiis quod cumque eligendi eligendi quae inventore laudantium.,78,46.8222,6.5072,Sainte-Croix,1996-09-09,FALSE,2025-08-28 19:40:49
356,female,bisexual,Deleniti praesentium dolores inventore voluptas facilis.,48,46.9896,6.9293,Neuchâtel,1999-03-12,FALSE,2025-08-17 19:40:49
357,female,bisexual,Eaque reiciendis neque iure vel qui.,98,46.1036,7.0722,Martigny,1988-09-13,FALSE,2025-08-17 19:40:49
358,female,heterosexual,Voluptas error dolor expedita voluptatem molestiae voluptatem placeat.,44,46.8065,7.161,Fribourg,1988-05-30,FALSE,2025-08-15 19:40:49
359,female,homosexual,Quibusdam ullam quasi minima quis asperiores aliquid nihil fugit dolores ducimus doloremque.,42,46.4628,6.8431,Vevey,1994-07-14,FALSE,2025-07-31 19:40:49
360,female,heterosexual,Laboriosam occaecati qui doloremque aut quisquam vero sit ad explicabo magnam.,48,46.5113,6.4961,Morges,2004-01-27,FALSE,2025-08-12 19:40:49
361,female,heterosexual,Quam rerum id totam excepturi voluptatum id minima.,68,46.1911,6.1942,Thônex,1993-05-07,FALSE,2025-08-12 19:40:49
362,female,bisexual,Explicabo voluptatum impedit amet veniam quis quod nihil corporis consequatur error sint eligendi.,46,47.3667,7.35,Delémont,1992-02-22,FALSE,2025-08-03 19:40:49
363,female,bisexual,Facilis quod numquam omnis distinctio in fuga fuga eaque commodi repudiandae doloribus ducimus.,80,46.2833,6.1667,Versoix,2004-06-29,FALSE,2025-08-08 19:40:49
364,female,heterosexual,Deserunt provident nam consectetur sapiente natus labore omnis.,82,46.1672,6.1172,Plan-les-Ouates,1986-11-02,FALSE,2025-08-09 19:40:49
365,female,heterosexual,Dolorum sed est suscipit dolorum ducimus illum accusamus similique.,61,46.5113,6.4961,Morges,1986-03-11,FALSE,2025-08-28 19:40:49
366,female,homosexual,Fugit facilis commodi temporibus itaque dolores minima earum numquam.,71,47.4167,7.0833,Porrentruy,1997-11-22,FALSE,2025-08-14 19:40:49
367,female,homosexual,Ut magni distinctio accusamus distinctio est ipsa rerum tenetur ex.,60,46.17,8.7995,Locarno,1984-12-04,FALSE,2025-08-15 19:40:49
368,female,heterosexual,Totam ab sint nulla hic velit ipsam vero officiis debitis distinctio.,29,46.1911,6.1942,Thônex,1985-05-07,FALSE,2025-08-23 19:40:49
369,female,heterosexual,A nisi sint dolorem itaque eligendi.,8,46.4572,6.3397,Rolle,1990-05-20,FALSE,2025-07-31 19:40:49
370,female,bisexual,Quia minus enim itaque earum minima labore ab blanditiis consequuntur quae nemo officia.,14,46.1833,6.1333,Carouge,2001-07-01,FALSE,2025-08-01 19:40:49
371,female,heterosexual,Quae ducimus rerum ut architecto qui amet nam inventore architecto modi sapiente.,50,46.6956,6.9181,Romont,1994-02-03,FALSE,2025-08-04 19:40:49
372,female,bisexual,Quasi sit magnam nobis molestias et.,66,46.9896,6.9293,Neuchâtel,2002-08-27,FALSE,2025-08-02 19:40:49
373,female,bisexual,Porro consectetur placeat adipisci tempore provident et est sint quasi delectus porro assumenda.,57,46.2919,7.5356,Sierre,1987-07-07,FALSE,2025-08-29 19:40:49
374,female,homosexual,Eveniet error molestias explicabo ipsa ullam ipsa blanditiis quas nulla ea eius.,76,46.2833,6.1667,Versoix,1989-06-28,FALSE,2025-08-09 19:40:49
375,female,bisexual,Ratione in amet repudiandae perspiciatis iure quae nobis fugit autem ab.,81,46.6142,6.5072,Cossonay,1998-06-15,FALSE,2025-08-25 19:40:49
376,female,bisexual,Inventore doloremque amet excepturi vitae quos consectetur quae doloremque.,82,46.8065,7.161,Fribourg,1993-02-11,FALSE,2025-08-03 19:40:49
377,female,homosexual,Dolorem laboriosam minima magni officia distinctio.,6,47.1047,6.8256,La Chaux-de-Fonds,1992-11-04,FALSE,2025-08-01 19:40:49
378,female,homosexual,Esse tempore voluptas voluptate et non saepe sapiente omnis reprehenderit eaque laudantium.,76,46.3186,6.9647,Aigle,1992-07-21,FALSE,2025-07-30 19:40:49
379,female,bisexual,Sapiente libero expedita beatae nihil adipisci accusamus tempore aliquam illum dignissimos officiis excepturi.,96,46.4312,6.9107,Montreux,1998-04-17,FALSE,2025-08-27 19:40:49
380,female,bisexual,Sapiente exercitationem provident eum cumque earum.,54,47.4167,7.0833,Porrentruy,1990-04-29,FALSE,2025-07-30 19:40:49
381,female,homosexual,Amet magni a quidem animi possimus optio repellendus.,31,46.5361,6.57,Chavannes-près-Renens,2002-06-12,FALSE,2025-08-21 19:40:49
382,female,heterosexual,Alias quis natus autem quia maxime tempora pariatur fugiat nam modi aperiam.,38,46.6956,6.9181,Romont,2005-09-15,FALSE,2025-08-11 19:40:49
383,female,homosexual,Soluta quo aliquam sunt quia delectus eaque aliquid quis fugit tempore.,84,46.5272,6.9,Châtel-Saint-Denis,2005-06-10,FALSE,2025-08-07 19:40:49
384,female,bisexual,Excepturi nam aut tenetur molestiae aut sunt in architecto molestias fuga quis.,22,47.3769,8.5417,Zurich,1995-11-03,FALSE,2025-08-07 19:40:49
385,female,bisexual,Harum necessitatibus dolore facere quibusdam provident natus voluptates distinctio quod possimus aliquam.,31,46.5333,6.5667,Ecublens,2001-11-23,FALSE,2025-08-25 19:40:49
386,female,homosexual,Vitae quibusdam officia possimus temporibus itaque iste voluptatum voluptate.,76,46.45,6.8667,La Tour-de-Peilz,1997-03-23,FALSE,2025-08-17 19:40:49
387,female,bisexual,Rem debitis aliquid libero quasi reiciendis quia aut pariatur.,22,46.6142,6.5072,Cossonay,2003-01-24,FALSE,2025-08-03 19:40:49
388,female,bisexual,Facilis modi natus magni vero repudiandae debitis provident odio enim nesciunt.,3,46.2833,6.1667,Versoix,1987-09-21,FALSE,2025-08-23 19:40:49
389,female,bisexual,Sit minus esse placeat deleniti itaque error commodi earum incidunt autem minima.,97,46.5197,6.6323,Lausanne,2005-01-12,FALSE,2025-08-15 19:40:49
390,female,homosexual,Magnam sapiente sed illo occaecati ullam amet fuga iste reiciendis.,39,46.925,6.6333,Val-de-Travers,1995-03-23,FALSE,2025-08-25 19:40:49
391,female,bisexual,Sit maxime sit quia sed ipsum cum recusandae officia minima explicabo sequi.,82,46.45,6.8667,La Tour-de-Peilz,1999-08-25,FALSE,2025-08-14 19:40:49
392,female,homosexual,Dicta facere molestiae non laudantium dignissimos libero.,74,46.948,7.4474,Berne,1995-12-11,FALSE,2025-08-28 19:40:49
393,female,heterosexual,Quos illum quisquam consectetur accusamus quos.,57,46.2919,7.5356,Sierre,1987-03-12,FALSE,2025-08-03 19:40:49
394,female,bisexual,Nobis quas molestias nostrum eum voluptatibus maxime incidunt voluptatem iste asperiores ducimus.,3,46.5272,6.9,Châtel-Saint-Denis,1985-08-02,FALSE,2025-08-13 19:40:49
395,female,heterosexual,Minima quasi nisi saepe atque reiciendis dolor.,89,46.217,6.084,Vernier,1985-10-28,FALSE,2025-08-29 19:40:49
396,female,heterosexual,Quam saepe hic officia nihil expedita temporibus molestias eligendi occaecati repellat quo.,29,46.1944,9.017,Bellinzone,1988-04-18,FALSE,2025-08-24 19:40:49
397,female,homosexual,Tempore magni iste quisquam ut exercitationem ut tempore magnam commodi.,49,46.1833,6.1333,Carouge,1996-02-26,FALSE,2025-07-31 19:40:49
398,female,homosexual,Nihil facilis unde odit labore commodi.,22,46.4312,6.9107,Montreux,2007-08-10,FALSE,2025-08-02 19:40:49
399,female,heterosexual,Corporis assumenda deserunt ab aliquam hic officia nostrum atque eos.,1,46.1672,6.1172,Plan-les-Ouates,2000-06-22,FALSE,2025-08-11 19:40:49
400,female,heterosexual,Officia quos nostrum voluptas dolores quos eaque eligendi.,19,47.0502,8.3093,Lucerne,1993-06-11,FALSE,2025-08-08 19:40:49
401,female,homosexual,Quam ipsa molestiae voluptate eum similique assumenda ipsa molestiae quaerat.,7,46.9896,6.9293,Neuchâtel,1998-09-09,FALSE,2025-08-09 19:40:49
402,female,bisexual,Ipsum doloribus vero magnam unde deserunt voluptatibus nemo doloribus.,23,46.5272,6.9,Châtel-Saint-Denis,1996-03-07,FALSE,2025-08-10 19:40:49
403,female,bisexual,Alias impedit enim libero consequatur esse saepe quasi illum saepe dignissimos.,70,46.2044,6.1432,Genève,1997-04-30,FALSE,2025-08-24 19:40:49
404,female,heterosexual,Consequatur officiis harum optio sint rerum totam similique quia blanditiis.,79,47.4167,7.0833,Porrentruy,1991-12-09,FALSE,2025-08-14 19:40:49
405,female,homosexual,Ipsa temporibus eligendi soluta debitis dicta ex amet autem libero voluptatem corporis dolores.,46,47.1047,6.8256,La Chaux-de-Fonds,1992-09-08,FALSE,2025-08-20 19:40:49
406,female,heterosexual,Possimus aperiam commodi doloribus autem illum vero nulla a consequuntur quos cumque nostrum.,26,46.1944,9.017,Bellinzone,1985-07-29,FALSE,2025-07-31 19:40:49
407,female,heterosexual,Quo rerum ducimus id veritatis sequi aut.,12,46.1036,7.0722,Martigny,1992-05-14,FALSE,2025-08-09 19:40:49
408,female,heterosexual,At nulla sit consequatur rem vero impedit quas adipisci.,57,46.1833,6.1333,Carouge,1992-07-16,FALSE,2025-08-28 19:40:49
409,female,heterosexual,Consequatur atque provident sunt perferendis quisquam maiores esse.,86,46.5113,6.4961,Morges,1993-09-03,FALSE,2025-08-20 19:40:49
410,female,heterosexual,Atque ab ea veritatis est deleniti eos enim facere.,87,46.9896,6.9293,Neuchâtel,2007-06-09,FALSE,2025-08-08 19:40:49
411,female,heterosexual,Expedita autem quae necessitatibus reiciendis nam impedit veritatis adipisci id labore enim.,93,46.4206,6.2697,Gland,2006-01-19,FALSE,2025-08-21 19:40:49
412,female,heterosexual,Temporibus mollitia ut mollitia dicta soluta accusamus alias et itaque enim reiciendis iure.,82,47.5596,7.5886,Bâle,1992-10-20,FALSE,2025-08-28 19:40:49
413,female,heterosexual,Ut cupiditate atque blanditiis aut accusamus suscipit et numquam fugit assumenda nam explicabo.,78,46.1672,6.1172,Plan-les-Ouates,1993-02-25,FALSE,2025-08-15 19:40:49
414,female,bisexual,Quam alias ab modi iste velit accusamus id soluta.,47,46.45,6.8667,La Tour-de-Peilz,1995-10-28,FALSE,2025-08-10 19:40:49
415,female,homosexual,A atque tempora mollitia accusantium vel facilis aliquam quis blanditiis corporis natus.,97,46.82,6.94,Payerne,2005-10-25,FALSE,2025-08-22 19:40:49
416,female,homosexual,Odit officiis ad alias non maxime inventore impedit quod totam corporis voluptas ullam.,25,46.617,7.0571,Bulle,1997-03-20,FALSE,2025-08-05 19:40:49
417,female,heterosexual,Numquam debitis maiores vitae facere dolorum illo mollitia quis.,98,46.2833,6.1667,Versoix,1989-07-25,FALSE,2025-08-06 19:40:49
418,female,homosexual,Voluptatibus explicabo error nam natus harum veniam accusantium asperiores deleniti libero dolore eum.,7,46.1944,9.017,Bellinzone,2005-11-28,FALSE,2025-08-17 19:40:49
419,female,homosexual,Sint quas inventore exercitationem a fugiat quos a aut laboriosam culpa quas repellat.,67,46.4312,6.9107,Montreux,1988-09-18,FALSE,2025-08-01 19:40:49
420,female,homosexual,Necessitatibus earum distinctio nisi facere maiores repellendus voluptatem.,64,46.4572,6.3397,Rolle,2004-06-23,FALSE,2025-08-22 19:40:49
421,female,bisexual,Pariatur delectus illo quod aspernatur ea occaecati voluptas voluptatibus inventore nisi.,51,47.0502,8.3093,Lucerne,1996-11-05,FALSE,2025-08-02 19:40:49
422,female,bisexual,Neque eaque quibusdam nemo minus autem voluptatibus ex.,43,46.8065,7.161,Fribourg,1991-10-15,FALSE,2025-08-25 19:40:49
423,female,bisexual,Ratione reprehenderit dolore nesciunt dolorum vel dignissimos veritatis odit debitis.,53,46.5272,6.9,Châtel-Saint-Denis,2001-02-03,FALSE,2025-08-26 19:40:49
424,female,bisexual,Rerum iure sint laudantium eum doloremque possimus error harum voluptates voluptatum sapiente dolorem.,14,46.45,6.8667,La Tour-de-Peilz,1996-04-23,FALSE,2025-08-27 19:40:49
425,female,heterosexual,Odio quam libero quae quo tenetur voluptates tempore nesciunt commodi numquam perspiciatis.,44,47.0569,6.7494,Le Locle,1986-01-29,FALSE,2025-08-28 19:40:49
426,female,heterosexual,Fuga doloribus repellendus commodi maxime commodi accusantium.,84,47.1047,6.8256,La Chaux-de-Fonds,2007-02-18,FALSE,2025-07-31 19:40:49
427,female,bisexual,Quas soluta laborum laudantium et aliquid officia cum atque excepturi animi dolorem.,27,46.7785,6.6412,Yverdon-les-Bains,2001-08-06,FALSE,2025-08-10 19:40:49
428,female,bisexual,Accusantium eligendi inventore delectus quod unde blanditiis eligendi dolor illum sequi.,67,46.2481,7.0111,Bex,1997-11-04,FALSE,2025-08-23 19:40:49
429,female,heterosexual,Odio nulla itaque animi expedita incidunt in molestias id.,89,46.17,8.7995,Locarno,1995-01-22,FALSE,2025-08-15 19:40:49
430,female,homosexual,Modi laudantium maiores corrupti aliquid saepe itaque officia provident culpa.,1,46.2547,6.9481,Monthey,2006-03-20,FALSE,2025-08-02 19:40:49
431,female,bisexual,Temporibus maiores illo sed expedita repellat ratione nesciunt fuga maiores esse.,37,46.5347,6.6022,Prilly,2002-03-25,FALSE,2025-08-03 19:40:49
432,female,bisexual,Necessitatibus qui necessitatibus fugiat quas sed expedita qui debitis nisi alias.,12,46.5333,6.5667,Ecublens,1991-04-20,FALSE,2025-08-14 19:40:49
433,female,homosexual,Dolore aliquam blanditiis magni a sequi ad odit ipsum voluptates commodi hic.,77,46.3186,6.9647,Aigle,1992-04-13,FALSE,2025-08-10 19:40:49
434,female,bisexual,Tempora iure ipsam in commodi adipisci quisquam nulla excepturi non quia repudiandae eum accusantium.,15,46.3186,6.9647,Aigle,2003-07-04,FALSE,2025-08-28 19:40:49
435,female,heterosexual,Esse nulla eaque tenetur aliquid recusandae doloremque suscipit.,36,46.3833,6.2333,Nyon,1989-04-05,FALSE,2025-08-25 19:40:49
436,female,homosexual,Atque quis cum perspiciatis iure eveniet odit voluptas nobis magnam saepe nostrum.,34,46.8492,6.8492,Estavayer-le-Lac,1995-02-12,FALSE,2025-08-23 19:40:49
437,female,homosexual,Sequi ad aliquid aperiam in libero distinctio fugit.,93,46.5367,6.6,Renens,2006-03-05,FALSE,2025-08-20 19:40:49
438,female,homosexual,Odio odio fuga minima velit aperiam debitis reprehenderit quibusdam atque reprehenderit ab.,9,46.4206,6.2697,Gland,1999-05-13,FALSE,2025-07-31 19:40:49
439,female,bisexual,Rem inventore omnis consequuntur quos perferendis pariatur sit porro molestiae.,20,46.5367,6.6,Renens,1992-01-25,FALSE,2025-08-15 19:40:49
440,female,heterosexual,Eius accusantium laborum ut molestias quos illum nisi vitae.,99,46.8492,6.8492,Estavayer-le-Lac,1989-05-29,FALSE,2025-08-23 19:40:49
441,female,homosexual,Provident culpa ea aspernatur commodi facilis illum.,65,47.0502,8.3093,Lucerne,1996-09-15,FALSE,2025-07-31 19:40:49
442,female,homosexual,Laboriosam asperiores voluptate pariatur reprehenderit aperiam.,78,46.2044,6.1432,Genève,1987-02-06,FALSE,2025-08-05 19:40:49
443,female,bisexual,Molestiae corrupti veniam rem omnis maxime nihil corrupti sunt voluptates inventore sed quae.,34,47.4167,7.0833,Porrentruy,2004-12-19,FALSE,2025-08-02 19:40:49
444,female,bisexual,Quisquam non velit culpa eveniet sit eos nobis minima nihil dicta est similique.,83,46.3833,6.2333,Nyon,1987-03-21,FALSE,2025-08-01 19:40:49
445,female,homosexual,Pariatur magnam aspernatur voluptates suscipit ipsa totam placeat id.,67,46.3833,6.2333,Nyon,1994-04-26,FALSE,2025-08-14 19:40:49
446,female,heterosexual,Illo amet eveniet velit quod quae provident consequuntur ipsum accusamus.,16,46.5347,6.6022,Prilly,1994-04-05,FALSE,2025-08-27 19:40:49
447,female,bisexual,Non porro corporis amet officiis blanditiis illum quisquam sit unde repudiandae.,84,46.2274,7.359,Sion,2004-04-28,FALSE,2025-08-02 19:40:49
448,female,homosexual,Omnis error natus error tempore repellendus vel voluptate.,12,46.1672,6.1172,Plan-les-Ouates,1990-05-10,FALSE,2025-08-19 19:40:49
449,female,homosexual,Totam suscipit doloribus nesciunt fugiat dolorum ea optio ratione aut sint delectus iusto.,36,46.5347,6.6022,Prilly,1985-03-15,FALSE,2025-08-16 19:40:49
450,female,bisexual,Accusamus facere voluptatum molestias facilis nihil in quibusdam eveniet eligendi in esse occaecati.,4,46.3186,6.9647,Aigle,1996-09-09,FALSE,2025-08-02 19:40:49
451,female,homosexual,Voluptate voluptatem odio qui voluptatibus tenetur rem impedit at.,40,46.5361,6.57,Chavannes-près-Renens,1993-10-31,FALSE,2025-08-28 19:40:49
452,female,homosexual,Incidunt esse ipsum doloribus id ut non tempore hic magnam consequatur.,86,46.925,6.6333,Val-de-Travers,1992-07-15,FALSE,2025-08-29 19:40:49
453,female,heterosexual,Molestias commodi optio enim nam minus.,65,46.2333,6.0667,Meyrin,2005-06-12,FALSE,2025-08-13 19:40:49
454,female,bisexual,Laborum non magnam iusto voluptatibus fugiat ea distinctio voluptates maiores soluta velit.,24,46.1833,6.1333,Carouge,2005-03-17,FALSE,2025-08-12 19:40:49
455,female,bisexual,Velit consequatur ad debitis id eveniet velit quae culpa qui eveniet ex ipsa.,62,46.55,6.5833,Crissier,1994-09-17,FALSE,2025-08-01 19:40:49
456,female,homosexual,Velit non soluta autem pariatur occaecati possimus soluta at provident officia repudiandae.,12,46.5333,6.5667,Ecublens,1992-10-31,FALSE,2025-08-07 19:40:49
457,female,bisexual,Unde error beatae beatae dolores sequi dolorum.,1,47.1047,6.8256,La Chaux-de-Fonds,2003-03-06,FALSE,2025-08-24 19:40:49
458,female,homosexual,Deleniti dolore nemo quos voluptate sed porro.,33,47.1047,6.8256,La Chaux-de-Fonds,1993-06-23,FALSE,2025-08-22 19:40:49
459,female,bisexual,Veniam dicta explicabo nisi pariatur veniam error voluptatum officiis libero distinctio velit consectetur expedita.,100,47.1047,6.8256,La Chaux-de-Fonds,2002-04-06,FALSE,2025-08-08 19:40:49
460,female,homosexual,Numquam nesciunt repellendus laborum iure maxime veniam.,93,46.2333,6.1167,Le Grand-Saconnex,1993-04-07,FALSE,2025-08-10 19:40:49
461,female,homosexual,Quae placeat voluptas voluptatum necessitatibus deleniti quibusdam et culpa quo ut distinctio harum.,81,47.4167,7.0833,Porrentruy,1995-04-13,FALSE,2025-08-24 19:40:49
462,female,homosexual,Quo minus in doloremque doloremque nihil in illo molestias optio natus.,42,46.8065,7.161,Fribourg,1984-09-13,FALSE,2025-08-01 19:40:49
463,female,homosexual,Maxime cumque corporis eligendi nisi enim eaque labore dicta saepe sed laudantium suscipit.,53,46.5104,6.6617,Pully,1984-10-12,FALSE,2025-08-04 19:40:49
464,female,heterosexual,Reprehenderit assumenda accusamus doloremque nesciunt iure.,41,46.5113,6.4961,Morges,2002-05-31,FALSE,2025-08-05 19:40:49
465,female,homosexual,Facilis mollitia vitae quia tenetur optio aspernatur odio repudiandae alias distinctio temporibus.,93,46.6956,6.9181,Romont,2002-03-11,FALSE,2025-08-07 19:40:49
466,female,heterosexual,Voluptas similique saepe necessitatibus error consequatur occaecati dolor at impedit.,42,46.82,6.94,Payerne,1985-02-01,FALSE,2025-08-16 19:40:49
467,female,bisexual,Cumque quo dolorum ex nemo est doloremque non earum.,58,46.7785,6.6412,Yverdon-les-Bains,2007-02-19,FALSE,2025-08-27 19:40:49
468,female,homosexual,Sint dolorem dignissimos deserunt sequi odio rem illum repellendus.,74,46.5361,6.57,Chavannes-près-Renens,1999-07-15,FALSE,2025-08-17 19:40:49
469,female,homosexual,Dolore autem distinctio illo quam modi aliquid quibusdam inventore quibusdam occaecati.,38,46.3186,6.9647,Aigle,1988-02-09,FALSE,2025-08-14 19:40:49
470,female,homosexual,Repellendus culpa sint asperiores inventore repellendus facere.,74,46.2547,6.9481,Monthey,1993-11-22,FALSE,2025-08-16 19:40:49
471,female,homosexual,Iure reiciendis voluptate cum consequuntur nesciunt unde facilis quo excepturi labore.,73,46.3833,6.2333,Nyon,2005-03-13,FALSE,2025-08-28 19:40:49
472,female,bisexual,Labore quos eum officia perspiciatis quasi itaque dolorum sunt perspiciatis quidem corrupti.,79,46.6142,6.5072,Cossonay,1988-11-12,FALSE,2025-08-16 19:40:49
473,female,heterosexual,Nemo rerum minus sunt laudantium eaque ex voluptatum aspernatur.,51,46.7242,6.5306,Orbe,2002-07-31,FALSE,2025-08-04 19:40:49
474,female,bisexual,Dolorem labore nemo sequi repudiandae esse fuga aliquam molestias architecto fugit.,91,46.9896,6.9293,Neuchâtel,1986-01-27,FALSE,2025-08-13 19:40:49
475,female,bisexual,Doloremque cum molestiae quis velit voluptates culpa eius.,94,46.55,6.5833,Crissier,2004-03-30,FALSE,2025-08-23 19:40:49
476,female,heterosexual,Delectus reiciendis accusantium quibusdam aspernatur incidunt.,15,46.4312,6.9107,Montreux,2002-07-05,FALSE,2025-08-28 19:40:49
477,female,homosexual,Aliquid maiores id impedit voluptatem quibusdam.,75,46.8492,6.8492,Estavayer-le-Lac,2004-07-06,FALSE,2025-08-14 19:40:49
478,female,bisexual,Distinctio sed assumenda quis incidunt corrupti enim velit eos pariatur reprehenderit libero illo.,17,46.4628,6.8431,Vevey,1999-08-07,FALSE,2025-08-25 19:40:49
479,female,bisexual,Commodi quidem libero accusamus qui quos laudantium numquam veritatis.,72,47.5596,7.5886,Bâle,1999-03-19,FALSE,2025-08-03 19:40:49
480,female,bisexual,Iure rem voluptates maxime fugiat corrupti voluptatem doloribus ullam maiores ad.,92,46.82,6.94,Payerne,2001-06-12,FALSE,2025-08-09 19:40:49
481,female,bisexual,Quo labore eligendi fugiat excepturi reprehenderit praesentium.,11,46.4206,6.2697,Gland,1987-09-06,FALSE,2025-08-10 19:40:49
482,female,bisexual,Officiis suscipit necessitatibus nobis maiores dolor.,51,46.6956,6.9181,Romont,1989-02-18,FALSE,2025-08-20 19:40:49
483,female,homosexual,Nesciunt pariatur maiores sed qui ipsum repellendus nam quos recusandae cum.,3,46.1911,6.1942,Thônex,1990-08-11,FALSE,2025-08-19 19:40:49
484,female,bisexual,Explicabo illo quas fugiat ad harum laudantium culpa temporibus odit quaerat.,100,46.7242,6.5306,Orbe,1991-06-23,FALSE,2025-08-07 19:40:49
485,female,bisexual,Similique perferendis voluptatibus minus perspiciatis consequatur alias rerum nesciunt impedit.,99,46.2274,7.359,Sion,1988-06-22,FALSE,2025-08-10 19:40:49
486,female,homosexual,Dolores iure optio accusamus distinctio accusantium eos dicta ducimus.,54,46.1833,6.1333,Carouge,1995-01-12,FALSE,2025-08-21 19:40:49
487,female,bisexual,Fugiat cum maiores itaque error necessitatibus.,34,46.2833,6.1667,Versoix,1993-04-16,FALSE,2025-08-01 19:40:49
488,female,homosexual,Neque eum ratione similique tempore reiciendis.,7,46.82,6.94,Payerne,1985-12-26,FALSE,2025-08-15 19:40:49
489,female,homosexual,Quidem dicta laboriosam explicabo quaerat cupiditate similique magnam assumenda.,76,46.5361,6.57,Chavannes-près-Renens,1993-01-01,FALSE,2025-08-29 19:40:49
490,female,bisexual,Porro aliquam eos velit consequuntur exercitationem dolorem suscipit dolore dignissimos.,83,46.2547,6.9481,Monthey,1995-09-16,FALSE,2025-08-20 19:40:49
491,female,heterosexual,Unde unde vero error vel nemo modi iusto.,98,46.55,6.5833,Crissier,1994-11-25,FALSE,2025-08-24 19:40:49
492,female,bisexual,Dolore doloribus tempora veniam repellendus rem quos alias sint placeat id.,21,46.1944,9.017,Bellinzone,2006-02-18,FALSE,2025-08-01 19:40:49
493,female,heterosexual,Soluta possimus occaecati vero laborum fuga esse.,49,46.5333,6.5667,Ecublens,2001-09-29,FALSE,2025-08-03 19:40:49
494,female,heterosexual,Eaque pariatur blanditiis neque ipsa labore non fuga voluptatibus.,0,46.5104,6.6617,Pully,1991-06-10,FALSE,2025-08-18 19:40:49
495,female,homosexual,Cumque possimus laudantium laboriosam voluptate soluta cumque totam sit corporis.,47,46.1833,6.1333,Carouge,1991-02-16,FALSE,2025-08-22 19:40:49
496,female,bisexual,Eligendi neque libero explicabo fugit culpa.,81,46.5272,6.9,Châtel-Saint-Denis,2006-06-13,FALSE,2025-08-15 19:40:49
497,female,homosexual,Officiis sequi facilis soluta quis porro consectetur similique cupiditate quos recusandae.,6,46.3833,6.2333,Nyon,2006-08-08,FALSE,2025-08-25 19:40:49
498,female,heterosexual,Debitis ducimus eligendi quia ipsam nulla aut voluptas molestiae velit.,60,46.3186,6.9647,Aigle,2005-05-03,FALSE,2025-07-30 19:40:49
499,female,homosexual,Voluptatum rerum unde quidem maiores laborum corrupti possimus.,82,46.2481,7.0111,Bex,1995-03-06,FALSE,2025-08-27 19:40:49
500,female,bisexual,Sunt pariatur molestiae explicabo nihil modi fuga ut enim facilis nulla similique magnam.,80,46.2044,6.1432,Genève,2001-11-03,FALSE,2025-08-27 19:40:49
